Id,Timestamp,Age,Gender,Relationship_Status,Occupation,Affiliated_Organizations,Social_Media_User,Platforms_Used,Daily_Time_Spent,No_purporse_scrolling_Frequency,Often_Distracted,Restlessness,Distraction_Rate,Worry_level_Rate,Difficulty_in_concentrating,Comparison_Rate,Comparison_Feelings,Seek_Validation,Often_Depressed,Daily_Interest_Rate,Sleep_Issues_Rate,use_tiktok,use_facebook,use_twitter,use_pinterest,use_snapchat,use_discord,use_instagram,use_youtube,use_reddit,Mental_Health_Disorders
2,2022-04-18 19:19,21,Female,Single,University Student,University,Yes,"Facebook, Twitter, Instagram, YouTube, Discord, Reddit",More than 5 hours,4,3,2,4,5,4,5,1,1,5,4,5,False,True,True,False,False,True,True,True,True,ADHD
3,2022-04-18 19:25,21,Female,Single,University Student,University,Yes,"Facebook, Instagram, YouTube, Pinterest",Between 3 and 4 hours,3,2,1,2,5,4,3,3,1,4,2,5,False,True,False,True,False,False,True,True,False,ADHD
4,2022-04-18 19:29,21,Female,Single,University Student,University,Yes,"Facebook, Instagram",More than 5 hours,4,2,1,3,5,3,5,1,2,4,3,2,False,True,False,False,False,False,True,False,False,ADHD
5,2022-04-18 19:33,21,Female,Single,University Student,University,Yes,"Facebook, Instagram, YouTube",Between 2 and 3 hours,3,5,4,4,5,5,3,3,3,4,4,1,False,True,False,False,False,False,True,True,False,ADHD
6,2022-04-18 19:33,22,Female,Single,University Student,University,Yes,"Facebook, Twitter, Instagram, YouTube, Discord, Pinterest, TikTok",Between 2 and 3 hours,4,4,2,3,4,3,4,4,3,3,2,4,True,True,True,True,False,True,True,True,False,ADHD
7,2022-04-18 19:36,21,Female,Married,University Student,University,Yes,"Facebook, Instagram, YouTube, Snapchat, TikTok",Between 3 and 4 hours,4,3,2,2,4,3,5,3,4,5,5,3,True,True,False,False,True,False,True,True,False,ADHD
8,2022-04-18 19:36,21,Female,In a relationship,University Student,University,Yes,"Facebook, Instagram, YouTube",More than 5 hours,5,2,3,3,3,1,1,3,1,5,5,1,False,True,False,False,False,False,True,True,False,ADHD
9,2022-04-18 19:39,21,Female,In a relationship,University Student,University,Yes,"Facebook, Instagram, YouTube",More than 5 hours,5,2,3,3,1,1,1,3,1,5,5,1,False,True,False,False,False,False,True,True,False,ADHD
11,2022-04-18 19:44,24,Male,Single,University Student,University,Yes,"Facebook, Instagram, YouTube, Discord",Between 2 and 3 hours,5,5,2,4,3,5,4,2,3,5,4,5,False,True,False,False,False,True,True,True,False,ADHD
13,2022-04-18 19:56,22,Female,Single,University Student,University,Yes,"Facebook, Twitter, Instagram, YouTube, Snapchat, Discord, Reddit, Pinterest",Between 3 and 4 hours,3,4,2,4,4,2,4,2,1,3,1,5,False,True,True,True,True,True,True,True,True,ADHD
14,2022-04-18 19:57,21,Female,Single,University Student,University,Yes,"Facebook, Twitter, Instagram, YouTube, Snapchat, Reddit, Pinterest",Between 3 and 4 hours,5,3,2,1,4,4,2,3,2,3,3,3,False,True,True,True,True,False,True,True,True,ADHD
15,2022-04-18 19:59,22,Male,Single,University Student,University,Yes,"Facebook, YouTube, Pinterest",More than 5 hours,5,5,5,5,5,5,5,5,5,5,5,5,False,True,False,True,False,False,False,True,False,ADHD
17,2022-04-18 20:15,21,Male,Single,University Student,University,Yes,"Facebook, YouTube, Discord",Less than an Hour,2,2,1,2,4,2,1,3,1,4,1,3,False,True,False,False,False,True,False,True,False,Anxiety
18,2022-04-18 20:21,25,Male,Single,School Student,Unknown,Yes,"Facebook, Instagram, YouTube, Reddit",Between 4 and 5 hours,5,5,4,4,3,3,1,4,2,2,2,2,False,True,False,False,False,False,True,True,True,ADHD
21,2022-04-18 20:31,22,Male,In a relationship,University Student,"School, University",Yes,"Facebook, Instagram, YouTube, Discord, Reddit",Between 2 and 3 hours,4,2,2,3,3,2,2,2,1,2,3,2,False,True,False,False,False,True,True,True,True,ADHD
22,2022-04-18 20:32,23,Male,Single,University Student,University,Yes,"Facebook, Twitter, Instagram, YouTube, Discord, Reddit, TikTok",More than 5 hours,3,2,4,2,4,2,5,2,1,3,3,1,True,True,True,False,False,True,True,True,True,ADHD
23,2022-04-18 20:33,26,Female,Single,University Student,University,Yes,"Facebook, Instagram, YouTube, Pinterest",Between 3 and 4 hours,3,4,3,3,4,4,4,3,3,4,4,4,False,True,False,True,False,False,True,True,False,ADHD
24,2022-04-18 20:35,23,Female,Married,University Student,University,Yes,"Facebook, Instagram, YouTube, Snapchat, Pinterest",Between 1 and 2 hours,3,2,2,4,4,3,3,2,3,4,4,1,False,True,False,True,True,False,True,True,False,ADHD
25,2022-04-18 20:36,23,Male,Single,University Student,Unknown,Yes,"Facebook, Twitter, YouTube, Discord",Between 3 and 4 hours,3,3,5,5,5,5,4,1,3,3,5,5,False,True,True,False,False,True,False,True,False,ADHD
27,2022-04-18 20:38,20,Male,Single,University Student,University,Yes,"Facebook, Instagram, YouTube, Discord",Between 3 and 4 hours,4,4,3,3,3,4,2,3,3,4,3,4,False,True,False,False,False,True,True,True,False,ADHD
28,2022-04-18 20:40,35,Male,Married,Salaried Worker,Company,Yes,"Facebook, Twitter, Instagram, YouTube",Between 2 and 3 hours,2,4,4,4,4,4,4,4,4,4,4,5,False,True,True,False,False,False,True,True,False,ADHD
29,2022-04-18 20:42,22,Female,In a relationship,University Student,University,Yes,"Facebook, Instagram, YouTube, Snapchat, Discord, Pinterest, TikTok",Between 4 and 5 hours,3,4,3,4,5,4,4,3,2,4,4,1,True,True,False,True,True,True,True,True,False,ADHD
30,2022-04-18 20:45,21,Female,Single,University Student,University,Yes,"Facebook, Instagram, YouTube, Snapchat, Discord",Between 3 and 4 hours,4,4,5,5,5,4,4,4,3,5,4,1,False,True,False,False,True,True,True,True,False,ADHD
32,2022-04-18 20:50,35,Male,Married,Salaried Worker,Private,Yes,"Facebook, YouTube, Pinterest",Between 2 and 3 hours,3,4,3,3,3,2,2,2,2,3,4,2,False,True,False,True,False,False,False,True,False,ADHD
33,2022-04-18 20:52,24,Male,Single,Salaried Worker,Private,Yes,"Facebook, Instagram, YouTube, TikTok",Between 2 and 3 hours,3,3,3,3,3,4,2,3,3,2,3,3,True,True,False,False,False,False,True,True,False,ADHD
35,2022-04-18 20:54,19,Female,Single,University Student,University,Yes,"Facebook, Instagram, YouTube, Discord",Between 3 and 4 hours,5,5,5,5,5,5,2,3,1,5,4,4,False,True,False,False,False,True,True,True,False,ADHD
36,2022-04-18 20:55,21,Others,Single,University Student,University,Yes,"Facebook, Twitter, Instagram, YouTube, Discord",More than 5 hours,3,4,5,4,4,5,1,3,1,4,2,1,False,True,True,False,False,True,True,True,False,ADHD
37,2022-04-18 20:55,21,Male,Single,University Student,University,Yes,"Facebook, Instagram",Between 3 and 4 hours,5,3,4,3,2,3,5,3,4,3,3,1,False,True,False,False,False,False,True,False,False,ADHD
38,2022-04-18 21:02,23,Male,Single,University Student,University,Yes,"Facebook, Twitter, Instagram, YouTube, Snapchat, Discord, Reddit",Less than an Hour,2,3,1,1,1,3,1,3,1,5,4,5,False,True,True,False,True,True,True,True,True,ADHD
39,2022-04-18 21:22,22,Female,Single,University Student,University,Yes,"Facebook, Instagram, YouTube, Snapchat, Pinterest",Between 3 and 4 hours,4,5,5,4,4,4,2,3,3,2,2,5,False,True,False,True,True,False,True,True,False,ADHD
41,2022-04-18 21:32,21,Female,Single,University Student,University,Yes,"Facebook, Instagram, YouTube, Snapchat",Between 1 and 2 hours,1,1,1,1,1,1,2,1,2,3,3,1,False,True,False,False,True,False,True,True,False,Depression
42,2022-04-18 21:42,21,Female,Single,University Student,University,Yes,"Facebook, Instagram, YouTube, Snapchat",Between 3 and 4 hours,3,5,2,3,3,3,3,4,2,4,2,2,False,True,False,False,True,False,True,True,False,ADHD
43,2022-04-18 21:48,56,Female,Married,Retired,Unknown,Yes,YouTube,Between 1 and 2 hours,1,1,1,1,3,1,1,3,1,2,3,1,False,False,False,False,False,False,False,True,False,Anxiety
44,2022-04-18 21:48,19,Female,Single,School Student,"School, University",Yes,"Facebook, Instagram, YouTube, Snapchat, Pinterest",More than 5 hours,3,2,4,4,5,4,5,2,1,5,4,2,False,True,False,True,True,False,True,True,False,ADHD
45,2022-04-18 21:49,24,Male,Single,Salaried Worker,Private,Yes,"Twitter, Discord, Reddit",More than 5 hours,5,1,1,3,3,3,1,3,3,3,3,3,False,False,True,False,False,True,False,False,True,ADHD
46,2022-04-18 21:50,22,Female,In a relationship,University Student,University,Yes,"Facebook, Instagram, YouTube",More than 5 hours,4,5,4,4,5,2,3,3,3,3,2,3,False,True,False,False,False,False,True,True,False,ADHD
47,2022-04-18 21:55,65,Male,Married,Retired,Goverment,Yes,"Facebook, YouTube",Between 3 and 4 hours,5,3,2,2,2,1,3,4,3,1,3,2,False,True,False,False,False,False,False,True,False,ADHD
48,2022-04-18 22:00,17,Female,Single,School Student,Unknown,Yes,"Instagram, YouTube, Reddit, Pinterest",Between 3 and 4 hours,4,3,1,3,5,3,4,2,1,3,5,1,False,False,False,True,False,False,True,True,True,ADHD
49,2022-04-18 22:04,40,Male,Married,Salaried Worker,"Company, Private",Yes,"Twitter, YouTube, Reddit",Between 2 and 3 hours,3,3,3,3,2,3,2,3,1,2,2,1,False,False,True,False,False,False,False,True,True,ADHD
50,2022-04-18 22:07,33,Female,Single,Salaried Worker,School,Yes,"Facebook, YouTube",Between 3 and 4 hours,3,3,1,3,2,1,2,2,1,1,1,1,False,True,False,False,False,False,False,True,False,ADHD
51,2022-04-18 22:11,22,Female,Single,University Student,University,Yes,"Facebook, Twitter, Instagram, YouTube, Snapchat, Discord, Reddit, Pinterest, TikTok",Between 3 and 4 hours,4,4,3,4,3,2,1,3,3,3,4,4,True,True,True,True,True,True,True,True,True,ADHD
52,2022-04-18 22:20,24,Male,Single,Salaried Worker,Company,Yes,"YouTube, Snapchat, Discord",More than 5 hours,5,5,5,5,4,5,2,2,1,3,5,1,False,False,False,False,True,True,False,True,False,ADHD
53,2022-04-18 22:23,26,Male,Single,University Student,University,Yes,Facebook,Less than an Hour,3,5,3,5,5,5,5,5,5,5,5,5,False,True,False,False,False,False,False,False,False,ADHD
54,2022-04-18 22:30,55,Male,Married,Salaried Worker,Private,Yes,"Discord, Reddit",Between 1 and 2 hours,3,2,1,3,2,1,1,3,1,1,2,1,False,False,False,False,False,True,False,False,True,ADHD
55,2022-04-18 22:35,26,Male,In a relationship,Salaried Worker,Company,No,"YouTube, Discord, Reddit",Between 1 and 2 hours,4,1,1,2,2,1,1,3,1,1,3,2,False,False,False,False,False,True,False,True,True,ADHD
58,2022-04-18 22:43,19,Female,Single,School Student,School,Yes,"Facebook, Instagram, YouTube, Discord, Pinterest",Between 2 and 3 hours,3,2,2,2,4,3,3,3,2,4,4,5,False,True,False,True,False,True,True,True,False,ADHD
59,2022-04-18 22:51,22,Female,Married,University Student,University,Yes,"Facebook, Twitter, Instagram, YouTube, Snapchat, Discord, Reddit, Pinterest, TikTok",Between 2 and 3 hours,4,5,2,4,4,4,3,3,4,5,4,2,True,True,True,True,True,True,True,True,True,ADHD
60,2022-04-18 23:00,20,Female,Married,University Student,University,Yes,"Instagram, Reddit",Between 1 and 2 hours,1,1,1,2,2,2,1,3,1,1,3,5,False,False,False,False,False,False,True,False,True,Depression
61,2022-04-18 23:05,25,Female,Single,University Student,University,Yes,"Facebook, Twitter, Instagram, YouTube, Discord",More than 5 hours,4,3,3,4,4,4,2,2,2,4,3,4,False,True,True,False,False,True,True,True,False,ADHD
62,2022-04-18 23:11,25,Female,Married,University Student,University,Yes,"YouTube, Reddit",Between 1 and 2 hours,2,2,1,3,5,4,5,2,4,4,5,4,False,False,False,False,False,False,False,True,True,Anxiety
63,2022-04-18 23:12,18,Female,Single,University Student,University,Yes,"Facebook, Instagram, YouTube, Pinterest",More than 5 hours,4,4,3,5,4,3,1,3,1,5,4,5,False,True,False,True,False,False,True,True,False,ADHD
65,2022-04-18 23:23,19,Female,Single,University Student,Unknown,Yes,"Discord, Reddit",Between 2 and 3 hours,2,3,1,5,3,5,1,3,1,1,5,4,False,False,False,False,False,True,False,False,True,ADHD
66,2022-04-18 23:38,24,Male,In a relationship,School Student,University,Yes,"YouTube, Discord, Reddit",Between 1 and 2 hours,3,2,4,3,2,2,1,3,2,2,4,4,False,False,False,False,False,True,False,True,True,ADHD
67,2022-04-18 23:45,21,Male,In a relationship,University Student,University,Yes,"Facebook, Instagram, Reddit, TikTok",Between 3 and 4 hours,5,5,5,5,5,5,5,2,4,4,4,1,True,True,False,False,False,False,True,False,True,ADHD
68,2022-04-19 0:10,18,Others,Single,School Student,School,Yes,"Twitter, Instagram, YouTube, Reddit, TikTok",Between 2 and 3 hours,2,1,2,3,5,3,2,3,2,4,2,4,True,False,True,False,False,False,True,True,True,Anxiety
70,2022-04-19 0:15,25,Male,Single,University Student,University,Yes,"YouTube, Snapchat, Discord, Reddit",Between 3 and 4 hours,4,4,3,3,3,2,3,2,2,3,4,4,False,False,False,False,True,True,False,True,True,ADHD
72,2022-04-19 0:24,23,Male,Single,School Student,"University, Company",Yes,"Instagram, YouTube, Discord, Reddit",Between 2 and 3 hours,5,5,5,5,5,5,5,5,5,5,5,5,False,False,False,False,False,True,True,True,True,ADHD
75,2022-04-19 1:16,23,Female,Single,Retired,Unknown,Yes,"Facebook, YouTube, Discord, Reddit",Between 4 and 5 hours,4,4,3,3,4,5,3,2,4,5,5,4,False,True,False,False,False,True,False,True,True,ADHD
81,2022-04-19 2:58,22,Male,Single,University Student,Unknown,Yes,"Twitter, Instagram, YouTube, Snapchat, Discord, Reddit",Between 2 and 3 hours,4,4,4,5,5,5,3,3,1,4,4,5,False,False,True,False,True,True,True,True,True,ADHD
82,2022-04-19 3:40,21,Male,Single,University Student,University,Yes,"Facebook, Instagram, YouTube, Snapchat, Discord, Reddit, Pinterest",More than 5 hours,4,4,2,5,4,4,3,3,2,1,5,4,False,True,False,True,True,True,True,True,True,ADHD
84,2022-04-19 5:20,21,Female,In a relationship,University Student,"University, Company, Private",Yes,"Facebook, Instagram, YouTube, Pinterest",Between 4 and 5 hours,3,5,5,5,3,5,4,4,3,4,5,5,False,True,False,True,False,False,True,True,False,ADHD
85,2022-04-19 6:31,17,Male,Single,School Student,School,Yes,"Facebook, Twitter, Instagram, YouTube, Reddit",Between 2 and 3 hours,4,4,3,4,5,4,3,2,4,2,4,2,False,True,True,False,False,False,True,True,True,ADHD
86,2022-04-19 7:10,24,Others,Single,Salaried Worker,Unknown,Yes,"YouTube, Reddit",Between 2 and 3 hours,4,3,2,3,5,2,3,2,2,4,3,1,False,False,False,False,False,False,False,True,True,ADHD
87,2022-04-19 8:27,22,Female,In a relationship,University Student,University,Yes,"Facebook, YouTube",Between 1 and 2 hours,3,4,3,4,1,3,1,2,2,2,4,4,False,True,False,False,False,False,False,True,False,ADHD
88,2022-04-19 8:36,32,Female,Married,Salaried Worker,Company,Yes,Reddit,Between 1 and 2 hours,4,3,2,5,2,5,2,4,1,1,2,1,False,False,False,False,False,False,False,False,True,ADHD
89,2022-04-19 8:38,22,Male,Single,University Student,University,Yes,"Facebook, YouTube",Between 2 and 3 hours,5,4,2,2,1,3,1,3,5,3,2,2,False,True,False,False,False,False,False,True,False,ADHD
90,2022-04-19 9:17,20,Female,In a relationship,University Student,University,Yes,"Facebook, Instagram, YouTube, Snapchat, Pinterest",Between 2 and 3 hours,4,5,4,5,5,5,4,2,4,5,5,4,False,True,False,True,True,False,True,True,False,ADHD
92,2022-04-19 9:53,28,Female,Single,University Student,University,Yes,"Facebook, YouTube",Between 3 and 4 hours,4,5,4,5,5,5,2,3,2,4,5,2,False,True,False,False,False,False,False,True,False,ADHD
93,2022-04-19 9:57,22,Female,Single,University Student,University,Yes,"Facebook, Twitter, Instagram, YouTube, Snapchat",More than 5 hours,4,3,3,4,5,4,1,3,2,4,2,1,False,True,True,False,True,False,True,True,False,ADHD
95,2022-04-19 10:25,30,Female,Single,Salaried Worker,University,Yes,Instagram,Between 4 and 5 hours,4,5,3,2,4,4,3,3,3,4,4,4,False,False,False,False,False,False,True,False,False,ADHD
96,2022-04-19 10:59,22,Male,Single,University Student,University,Yes,"Facebook, Instagram, YouTube, Snapchat, Discord",More than 5 hours,5,5,1,3,2,5,2,1,1,3,1,5,False,True,False,False,True,True,True,True,False,ADHD
97,2022-04-19 13:52,14,Male,Single,School Student,School,Yes,"Instagram, YouTube, Discord",Between 4 and 5 hours,5,5,2,4,2,3,1,3,1,1,3,5,False,False,False,False,False,True,True,True,False,ADHD
98,2022-04-19 14:08,20,Male,Single,School Student,Unknown,Yes,"YouTube, Reddit",More than 5 hours,4,2,1,2,1,1,2,2,1,4,3,2,False,False,False,False,False,False,False,True,True,ADHD
99,2022-04-19 14:21,22,Female,Single,School Student,University,Yes,"Facebook, Instagram, YouTube, Pinterest",More than 5 hours,4,4,4,4,4,5,5,3,4,5,5,3,False,True,False,True,False,False,True,True,False,ADHD
100,2022-04-19 14:45,16,Male,Single,School Student,School,Yes,"Facebook, Instagram, YouTube, Snapchat, Discord, TikTok",Between 4 and 5 hours,4,5,2,5,3,4,3,1,4,2,1,3,True,True,False,False,True,True,True,True,False,ADHD
101,2022-04-19 16:36,22,Female,In a relationship,University Student,"University, Company",Yes,"Facebook, Twitter, Instagram, YouTube",Between 2 and 3 hours,3,4,3,4,4,3,2,2,3,3,2,3,False,True,True,False,False,False,True,True,False,ADHD
103,2022-04-19 19:30,22,Male,Single,University Student,University,Yes,Instagram,Between 3 and 4 hours,3,4,3,3,4,3,2,3,3,4,3,3,False,False,False,False,False,False,True,False,False,ADHD
104,2022-04-19 19:31,22,Male,Single,University Student,University,Yes,"Facebook, Twitter, Instagram, YouTube, Snapchat, Pinterest",Between 1 and 2 hours,4,3,4,3,5,5,3,3,4,3,5,5,False,True,True,True,True,False,True,True,False,ADHD
106,2022-04-19 19:40,23,Female,Single,University Student,University,Yes,"Facebook, YouTube",Between 4 and 5 hours,2,3,4,3,3,3,3,4,3,2,4,5,False,True,False,False,False,False,False,True,False,ADHD
107,2022-04-19 20:10,23,Female,Single,University Student,University,Yes,"Facebook, Instagram, TikTok",Between 2 and 3 hours,3,2,2,4,2,2,1,3,3,3,4,5,True,True,False,False,False,False,True,False,False,ADHD
108,2022-04-19 20:13,48,Female,Married,Salaried Worker,School,Yes,"Facebook, YouTube",Between 1 and 2 hours,1,1,1,1,3,2,1,3,2,1,1,1,False,True,False,False,False,False,False,True,False,Anxiety
109,2022-04-19 20:16,21,Female,In a relationship,University Student,Unknown,Yes,"Facebook, Instagram, YouTube, Snapchat",Between 3 and 4 hours,3,2,1,3,2,3,2,1,3,2,2,5,False,True,False,False,True,False,True,True,False,ADHD
110,2022-04-19 20:20,47,Female,Married,Salaried Worker,Goverment,Yes,"Facebook, Instagram, YouTube, Pinterest",Between 2 and 3 hours,4,3,3,3,2,2,2,3,3,3,3,3,False,True,False,True,False,False,True,True,False,ADHD
111,2022-04-19 20:24,48,Male,Married,Salaried Worker,Private,Yes,"Facebook, Instagram, YouTube",Between 2 and 3 hours,3,3,4,4,4,4,4,3,3,2,3,3,False,True,False,False,False,False,True,True,False,ADHD
112,2022-04-19 20:31,26,Female,Single,Salaried Worker,Private,Yes,"Facebook, Instagram, YouTube, Pinterest",More than 5 hours,4,5,4,4,5,3,5,4,3,4,2,3,False,True,False,True,False,False,True,True,False,ADHD
113,2022-04-19 20:39,47,Male,Married,Salaried Worker,Company,Yes,"Facebook, YouTube",Between 2 and 3 hours,4,3,4,4,3,3,2,3,1,2,2,4,False,True,False,False,False,False,False,True,False,ADHD
115,2022-04-19 20:45,27,Female,Single,Salaried Worker,School,Yes,"Facebook, Instagram, YouTube, Snapchat",More than 5 hours,2,5,4,4,3,2,5,1,4,4,4,1,False,True,False,False,True,False,True,True,False,ADHD
116,2022-04-19 20:52,34,Female,Married,Salaried Worker,School,Yes,Facebook,More than 5 hours,5,5,4,5,3,1,3,3,3,2,5,4,False,True,False,False,False,False,False,False,False,ADHD
117,2022-04-19 21:02,20,Female,Single,University Student,University,Yes,"Facebook, Instagram",Between 2 and 3 hours,5,5,5,5,5,5,3,1,1,3,3,5,False,True,False,False,False,False,True,False,False,ADHD
119,2022-04-19 21:10,23,Female,In a relationship,University Student,University,Yes,"Facebook, Instagram, YouTube, Snapchat, Discord, TikTok",More than 5 hours,5,5,5,5,5,4,5,5,4,5,4,5,True,True,False,False,True,True,True,True,False,ADHD
120,2022-04-19 21:10,20,Male,Single,University Student,University,Yes,"Facebook, Instagram, YouTube",Between 4 and 5 hours,4,5,3,4,3,5,2,3,3,4,4,5,False,True,False,False,False,False,True,True,False,ADHD
121,2022-04-19 21:12,48,Female,Married,Salaried Worker,Private,Yes,"Facebook, Instagram",Less than an Hour,2,4,1,3,2,1,1,3,2,1,1,1,False,True,False,False,False,False,True,False,False,ADHD
122,2022-04-19 21:12,20,Female,Single,University Student,University,Yes,"Facebook, Instagram, YouTube, TikTok",Between 3 and 4 hours,4,3,1,2,4,2,4,2,1,3,3,3,True,True,False,False,False,False,True,True,False,ADHD
123,2022-04-19 21:15,20,Female,Single,University Student,University,Yes,"Facebook, YouTube, Snapchat, Pinterest",Between 4 and 5 hours,4,5,5,5,2,5,2,3,1,5,4,3,False,True,False,True,True,False,False,True,False,ADHD
124,2022-04-19 21:15,22,Female,Single,University Student,University,Yes,"Facebook, Instagram, YouTube, Snapchat",More than 5 hours,4,5,4,5,5,5,3,1,1,4,2,2,False,True,False,False,True,False,True,True,False,ADHD
125,2022-04-19 21:26,22,Female,Single,University Student,"University, N/A",Yes,Instagram,More than 5 hours,5,5,3,3,2,3,4,5,4,1,4,1,False,False,False,False,False,False,True,False,False,ADHD
126,2022-04-19 21:27,20,Female,Single,University Student,Goverment,Yes,"Facebook, Instagram, YouTube, Snapchat",More than 5 hours,4,4,3,5,4,3,2,2,2,4,5,3,False,True,False,False,True,False,True,True,False,ADHD
127,2022-04-19 21:32,24,Male,Single,University Student,University,Yes,"Facebook, Twitter, Instagram, YouTube, Snapchat, Discord",Between 2 and 3 hours,1,1,3,3,4,4,3,3,2,4,4,4,False,True,True,False,True,True,True,True,False,Anxiety
128,2022-04-19 21:38,23,Female,Single,University Student,University,Yes,"Facebook, Instagram, YouTube, Snapchat, Pinterest, TikTok",More than 5 hours,3,2,4,3,5,3,5,1,4,4,2,5,True,True,False,True,True,False,True,True,False,ADHD
129,2022-04-19 21:47,20,Female,Single,University Student,Unknown,Yes,"Facebook, Instagram, YouTube",Between 3 and 4 hours,5,2,1,2,1,1,5,1,1,4,5,3,False,True,False,False,False,False,True,True,False,ADHD
130,2022-04-19 21:48,16,Male,Single,School Student,School,Yes,"Instagram, YouTube, Snapchat, Pinterest",Between 2 and 3 hours,3,1,2,3,3,2,2,4,1,3,3,2,False,False,False,True,True,False,True,True,False,ADHD
131,2022-04-19 21:50,50,Female,Single,Salaried Worker,School,Yes,"Facebook, Instagram, YouTube, Discord, Pinterest",Between 2 and 3 hours,2,1,1,3,3,2,1,4,3,1,1,4,False,True,False,True,False,True,True,True,False,Anxiety
132,2022-04-19 21:51,47,Male,Married,Salaried Worker,Private,Yes,"Facebook, YouTube",Between 1 and 2 hours,4,2,2,3,2,1,4,2,3,3,2,2,False,True,False,False,False,False,False,True,False,ADHD
133,2022-04-19 21:55,24,Male,Single,Salaried Worker,Private,Yes,"Facebook, Twitter, Instagram, YouTube",Between 2 and 3 hours,3,3,2,3,4,3,2,4,2,3,1,4,False,True,True,False,False,False,True,True,False,ADHD
134,2022-04-19 21:57,38,Female,Married,Salaried Worker,School,Yes,Facebook,Less than an Hour,3,2,3,2,2,1,3,1,1,2,1,1,False,True,False,False,False,False,False,False,False,ADHD
135,2022-04-19 22:04,50,Male,Divorced,Salaried Worker,Private,No,"Instagram, YouTube",Between 1 and 2 hours,2,1,1,2,2,2,1,4,1,2,2,1,False,False,False,False,False,False,True,True,False,Other
136,2022-04-19 22:09,49,Male,Married,Retired,Private,Yes,"Facebook, Twitter, Instagram, YouTube, Pinterest",Between 4 and 5 hours,5,5,3,3,4,3,3,3,3,4,4,5,False,True,True,True,False,False,True,True,False,ADHD
137,2022-04-19 22:19,47,Female,Married,Salaried Worker,Goverment,Yes,"Facebook, YouTube, Pinterest",Between 2 and 3 hours,3,3,3,3,3,2,1,3,1,1,1,4,False,True,False,True,False,False,False,True,False,ADHD
139,2022-04-19 22:23,51,Male,Married,Salaried Worker,Private,Yes,"Facebook, Twitter, Instagram, YouTube, Snapchat, Pinterest",Between 1 and 2 hours,4,3,2,3,3,4,3,3,3,3,3,3,False,True,True,True,True,False,True,True,False,ADHD
140,2022-04-19 22:31,50,Male,Married,Salaried Worker,Company,Yes,"Facebook, Twitter, Instagram, YouTube",Between 3 and 4 hours,4,3,4,5,5,4,3,4,3,4,4,2,False,True,True,False,False,False,True,True,False,ADHD
141,2022-04-19 22:39,47,Female,Married,Salaried Worker,Private,Yes,"Facebook, Twitter, Instagram, YouTube, Pinterest",Between 3 and 4 hours,3,2,2,2,2,2,3,4,1,1,2,1,False,True,True,True,False,False,True,True,False,ADHD
142,2022-04-19 22:42,27,Female,Married,Salaried Worker,Private,Yes,"Facebook, Instagram, YouTube",Between 4 and 5 hours,4,5,2,5,5,5,5,2,3,3,5,4,False,True,False,False,False,False,True,True,False,ADHD
143,2022-04-19 22:44,40,Female,Single,Salaried Worker,Private,Yes,"Facebook, Twitter, Instagram, YouTube",Between 1 and 2 hours,4,2,1,2,4,3,3,3,3,4,3,1,False,True,True,False,False,False,True,True,False,ADHD
144,2022-04-19 22:45,46,Male,Divorced,Salaried Worker,Private,Yes,"Facebook, Twitter, Instagram, YouTube, Snapchat",Less than an Hour,3,1,1,1,2,1,1,3,5,2,2,2,False,True,True,False,True,False,True,True,False,ADHD
145,2022-04-19 22:49,21,Female,Single,University Student,"University, Private",Yes,"Facebook, Instagram, YouTube, Snapchat, Discord",Between 4 and 5 hours,4,3,4,3,3,2,5,2,3,5,5,5,False,True,False,False,True,True,True,True,False,ADHD
146,2022-04-19 22:50,47,Female,Married,Salaried Worker,Private,Yes,Facebook,Between 1 and 2 hours,4,4,3,3,2,2,4,2,3,3,3,3,False,True,False,False,False,False,False,False,False,ADHD
147,2022-04-19 23:13,20,Female,In a relationship,University Student,University,Yes,"Facebook, Twitter, Instagram, YouTube, Snapchat, Discord, Pinterest",More than 5 hours,4,4,3,4,4,4,5,1,4,4,3,4,False,True,True,True,True,True,True,True,False,ADHD
148,2022-04-19 23:23,47,Female,Married,Salaried Worker,University,Yes,"Facebook, Twitter, Instagram, YouTube",Between 1 and 2 hours,3,4,3,4,5,4,2,2,1,2,3,2,False,True,True,False,False,False,True,True,False,ADHD
150,2022-04-19 23:28,49,Male,Married,Salaried Worker,Company,Yes,"Facebook, YouTube",Between 4 and 5 hours,4,3,2,2,2,2,2,4,2,2,2,4,False,True,False,False,False,False,False,True,False,ADHD
151,2022-04-19 23:38,21,Male,In a relationship,University Student,"University, Private",Yes,"Facebook, YouTube, Discord",Between 3 and 4 hours,3,2,1,1,2,2,2,4,3,2,2,2,False,True,False,False,False,True,False,True,False,ADHD
152,2022-04-19 23:43,32,Female,Married,Salaried Worker,School,Yes,"Facebook, Instagram, YouTube, Discord, Pinterest",Between 4 and 5 hours,5,2,4,3,2,1,1,5,1,1,2,5,False,True,False,True,False,True,True,True,False,ADHD
153,2022-04-19 23:51,47,Female,Married,Salaried Worker,University,Yes,"Twitter, Instagram, YouTube",Between 2 and 3 hours,3,1,2,3,2,2,3,3,2,2,2,3,False,False,True,False,False,False,True,True,False,ADHD
157,2022-04-20 0:24,47,Male,Married,Salaried Worker,Company,Yes,Twitter,Less than an Hour,1,1,2,5,3,4,2,3,1,2,4,4,False,False,True,False,False,False,False,False,False,Anxiety
158,2022-04-20 0:25,36,Female,Married,Salaried Worker,School,Yes,YouTube,Between 2 and 3 hours,3,2,1,2,4,4,1,1,1,1,1,4,False,False,False,False,False,False,False,True,False,ADHD
159,2022-04-20 0:50,37,Female,Married,Retired,Private,Yes,"Facebook, Instagram, YouTube",Between 1 and 2 hours,3,1,2,2,1,3,1,2,2,4,2,4,False,True,False,False,False,False,True,True,False,ADHD
160,2022-04-20 1:10,19,Female,In a relationship,School Student,School,Yes,Facebook,Between 4 and 5 hours,5,4,4,3,5,4,2,5,4,4,5,5,False,True,False,False,False,False,False,False,False,ADHD
161,2022-04-20 1:48,30,Male,In a relationship,Salaried Worker,Company,Yes,"Facebook, Instagram, YouTube",Between 1 and 2 hours,4,2,1,2,2,1,4,2,2,2,2,5,False,True,False,False,False,False,True,True,False,ADHD
162,2022-04-20 2:03,48,Male,Married,Salaried Worker,Private,Yes,"Facebook, Twitter, Instagram, YouTube, Snapchat, Discord, Reddit, Pinterest, TikTok",Less than an Hour,3,1,1,1,1,1,5,3,2,1,5,2,True,True,True,True,True,True,True,True,True,ADHD
163,2022-04-20 2:07,48,Female,Married,Retired,Unknown,Yes,"Facebook, Instagram, YouTube, Pinterest, TikTok",More than 5 hours,4,5,5,5,4,5,3,3,2,3,5,4,True,True,False,True,False,False,True,True,False,ADHD
164,2022-04-20 3:54,48,Male,Married,Salaried Worker,Company,Yes,"Twitter, YouTube",Between 3 and 4 hours,3,2,3,3,4,3,2,3,2,3,3,4,False,False,True,False,False,False,False,True,False,ADHD
165,2022-04-20 4:20,47,Male,Married,Salaried Worker,"University, Company",Yes,"Twitter, Instagram, YouTube, Reddit, TikTok",Between 2 and 3 hours,3,2,3,5,5,5,2,5,2,3,2,4,True,False,True,False,False,False,True,True,True,ADHD
166,2022-04-20 4:42,47,Female,Married,Salaried Worker,Company,Yes,"Facebook, Twitter",Less than an Hour,2,2,2,3,2,2,4,3,2,2,2,2,False,True,True,False,False,False,False,False,False,Low Self Esteem
167,2022-04-20 5:54,48,Male,Married,Salaried Worker,Unknown,Yes,"Facebook, YouTube, Pinterest",Less than an Hour,5,1,1,2,2,1,1,1,1,2,1,4,False,True,False,True,False,False,False,True,False,ADHD
168,2022-04-20 6:15,21,Male,Single,University Student,"School, University, Private",Yes,"Facebook, Twitter, Instagram, YouTube, Pinterest",Between 2 and 3 hours,2,4,2,3,2,1,3,5,3,2,1,4,False,True,True,True,False,False,True,True,False,ADHD
169,2022-04-20 6:28,48,Male,Married,Salaried Worker,Private,Yes,"Twitter, YouTube",Between 1 and 2 hours,2,2,1,2,1,1,2,3,1,1,2,2,False,False,True,False,False,False,False,True,False,Other
170,2022-04-20 7:20,21,Male,In a relationship,University Student,University,Yes,"Facebook, Twitter, Instagram, YouTube, Snapchat, Discord",Less than an Hour,2,3,2,4,3,3,2,3,1,2,2,1,False,True,True,False,True,True,True,True,False,ADHD
171,2022-04-20 7:35,20,Male,Single,University Student,University,Yes,"Twitter, Instagram, YouTube, Snapchat, Discord, Reddit, TikTok",More than 5 hours,5,5,5,4,2,4,3,3,1,3,3,4,True,False,True,False,True,True,True,True,True,ADHD
172,2022-04-20 8:37,20,Female,Single,University Student,University,Yes,"Facebook, YouTube",Between 3 and 4 hours,4,5,4,4,5,5,5,2,2,3,4,4,False,True,False,False,False,False,False,True,False,ADHD
175,2022-04-20 11:43,20,Female,In a relationship,University Student,University,Yes,"Instagram, YouTube, Pinterest",Between 4 and 5 hours,4,3,5,5,4,4,5,4,3,4,4,5,False,False,False,True,False,False,True,True,False,ADHD
177,2022-04-20 13:24,35,Female,Divorced,Salaried Worker,School,Yes,"Facebook, YouTube",Less than an Hour,3,2,1,1,1,1,1,3,4,1,1,1,False,True,False,False,False,False,False,True,False,ADHD
178,2022-04-20 13:24,23,Female,Single,University Student,University,Yes,Pinterest,Between 3 and 4 hours,5,3,3,4,3,5,1,3,3,4,3,5,False,False,False,True,False,False,False,False,False,ADHD
179,2022-04-20 13:43,21,Female,Single,University Student,University,Yes,"Facebook, Twitter, Instagram, YouTube, Snapchat, Pinterest",Between 4 and 5 hours,3,5,4,5,5,4,3,2,1,3,5,5,False,True,True,True,True,False,True,True,False,ADHD
180,2022-04-20 14:41,21,Female,In a relationship,University Student,University,Yes,"Facebook, Instagram, YouTube, Pinterest",Between 2 and 3 hours,3,2,5,2,4,1,3,2,4,4,2,1,False,True,False,True,False,False,True,True,False,ADHD
182,2022-04-20 16:37,48,Male,Married,Salaried Worker,Company,Yes,"Facebook, Twitter, Instagram, YouTube",Between 1 and 2 hours,4,2,2,3,2,2,2,3,3,3,3,4,False,True,True,False,False,False,True,True,False,ADHD
183,2022-04-20 16:44,47,Male,Married,Salaried Worker,Goverment,Yes,"Facebook, YouTube, TikTok",Less than an Hour,3,1,1,2,4,2,3,3,2,1,2,3,True,True,False,False,False,False,False,True,False,ADHD
184,2022-04-20 17:44,25,Female,Married,Salaried Worker,Company,Yes,"Facebook, Twitter, Instagram, YouTube, Reddit, Pinterest, TikTok",Between 4 and 5 hours,3,4,5,4,5,4,2,4,4,5,3,2,True,True,True,True,False,False,True,True,True,ADHD
185,2022-04-20 18:14,22,Female,In a relationship,University Student,University,Yes,"Facebook, Twitter, Instagram, YouTube, Snapchat, Discord, Pinterest, TikTok",More than 5 hours,5,5,4,5,4,3,2,3,3,3,4,4,True,True,True,True,True,True,True,True,False,ADHD
187,2022-04-20 19:28,47,Male,Married,Salaried Worker,"Company, Private",Yes,"Instagram, YouTube",Between 1 and 2 hours,4,3,2,4,3,2,2,3,3,3,2,1,False,False,False,False,False,False,True,True,False,ADHD
188,2022-04-20 21:11,47,Female,Single,Salaried Worker,Company,Yes,"Facebook, Twitter, Instagram, YouTube, Pinterest",Between 4 and 5 hours,4,5,2,3,3,1,3,3,1,3,3,1,False,True,True,True,False,False,True,True,False,ADHD
189,2022-04-20 21:18,24,Female,Married,University Student,Private,Yes,"Facebook, Instagram, Pinterest",More than 5 hours,5,3,4,3,4,5,3,3,3,4,3,4,False,True,False,True,False,False,True,False,False,ADHD
190,2022-04-20 22:01,21,Female,In a relationship,University Student,University,Yes,Instagram,Between 2 and 3 hours,5,5,5,5,1,5,2,5,5,2,5,5,False,False,False,False,False,False,True,False,False,ADHD
191,2022-04-20 22:07,22,Female,Single,University Student,University,Yes,"Facebook, YouTube, Discord, Reddit, Pinterest",Between 2 and 3 hours,3,2,2,2,2,2,1,3,3,4,2,1,False,True,False,True,False,True,False,True,True,ADHD
192,2022-04-20 22:17,19,Female,Single,School Student,School,Yes,"Facebook, Instagram, YouTube, Snapchat, Discord, Pinterest, TikTok",Between 2 and 3 hours,3,4,3,3,3,3,3,5,3,4,3,1,True,True,False,True,True,True,True,True,False,ADHD
193,2022-04-20 22:37,21,Female,In a relationship,University Student,University,Yes,"Facebook, Instagram, YouTube, Snapchat",Between 4 and 5 hours,3,3,2,4,2,4,3,2,1,4,4,4,False,True,False,False,True,False,True,True,False,ADHD
194,2022-04-20 22:50,22,Female,In a relationship,University Student,University,Yes,"Facebook, Instagram, YouTube, Snapchat",More than 5 hours,5,3,3,3,5,3,2,3,4,5,3,4,False,True,False,False,True,False,True,True,False,ADHD
195,2022-04-20 22:53,20,Male,Single,University Student,Unknown,Yes,"Facebook, Instagram, YouTube, Snapchat, Discord, TikTok",Between 3 and 4 hours,4,5,4,4,5,4,1,3,4,4,5,5,True,True,False,False,True,True,True,True,False,ADHD
196,2022-04-20 23:07,42,Female,Married,Salaried Worker,School,Yes,"Facebook, Instagram, YouTube, Discord, Pinterest",Between 2 and 3 hours,3,1,1,1,1,1,1,3,1,1,3,1,False,True,False,True,False,True,True,True,False,ADHD
197,2022-04-20 23:15,35,Female,Married,Salaried Worker,School,Yes,Facebook,Between 2 and 3 hours,5,3,2,2,1,3,2,4,1,3,2,2,False,True,False,False,False,False,False,False,False,ADHD
198,2022-04-20 23:32,38,Male,Married,Salaried Worker,University,Yes,"Facebook, Twitter, YouTube, Discord, Reddit",Between 4 and 5 hours,3,3,3,2,3,2,3,4,3,2,2,2,False,True,True,False,False,True,False,True,True,ADHD
199,2022-04-20 23:45,17,Male,Single,School Student,School,Yes,"Facebook, Instagram, YouTube",Less than an Hour,2,2,2,2,2,1,1,2,1,1,1,2,False,True,False,False,False,False,True,True,False,Other
200,2022-04-20 23:51,32,Male,Married,Salaried Worker,"Company, Private",Yes,"Facebook, YouTube, Discord, Reddit",Between 1 and 2 hours,3,1,3,2,2,1,1,3,1,1,2,1,False,True,False,False,False,True,False,True,True,ADHD
201,2022-04-21 0:36,21,Female,Single,University Student,University,Yes,"Facebook, Twitter, Instagram, YouTube, Snapchat, Discord",Between 1 and 2 hours,3,3,2,5,4,5,4,2,2,2,3,2,False,True,True,False,True,True,True,True,False,ADHD
202,2022-04-21 0:49,22,Male,In a relationship,University Student,"University, Private",Yes,"Facebook, Instagram, YouTube, Snapchat, Discord, Reddit",Between 3 and 4 hours,4,2,2,2,4,3,2,4,2,3,2,5,False,True,False,False,True,True,True,True,True,ADHD
203,2022-04-21 0:59,27,Female,Married,University Student,University,Yes,"Facebook, Instagram, YouTube",More than 5 hours,5,5,3,3,3,3,1,3,1,3,3,4,False,True,False,False,False,False,True,True,False,ADHD
205,2022-04-21 1:39,27,Male,Married,Salaried Worker,"University, Company",Yes,"Facebook, Discord, Reddit",More than 5 hours,5,5,5,5,5,5,1,3,1,5,5,5,False,True,False,False,False,True,False,False,True,ADHD
206,2022-04-21 1:44,20,Male,Single,School Student,School,Yes,"Instagram, Discord, Reddit, Pinterest, TikTok",Between 2 and 3 hours,3,2,3,2,3,2,3,2,3,2,1,4,True,False,False,True,False,True,True,False,True,ADHD
207,2022-04-21 2:29,27,Female,Married,Salaried Worker,Private,Yes,"Facebook, Instagram, YouTube",Between 3 and 4 hours,4,4,4,5,4,3,2,2,1,1,3,2,False,True,False,False,False,False,True,True,False,ADHD
208,2022-04-21 3:27,24,Male,Single,University Student,"University, Company",Yes,"Facebook, Instagram, YouTube, Discord",Between 3 and 4 hours,5,5,5,5,1,5,5,4,1,5,5,4,False,True,False,False,False,True,True,True,False,ADHD
210,2022-04-21 7:09,20,Female,Single,University Student,University,Yes,"Twitter, Instagram, YouTube, Snapchat, Discord, Reddit, Pinterest, TikTok",Between 3 and 4 hours,2,1,1,2,5,3,5,4,3,4,3,4,True,False,True,True,True,True,True,True,True,Anxiety
211,2022-04-21 10:12,31,Male,Single,Salaried Worker,School,Yes,"Facebook, Instagram, YouTube, Discord",Between 2 and 3 hours,3,3,3,3,4,3,4,4,4,3,3,2,False,True,False,False,False,True,True,True,False,ADHD
213,2022-04-21 13:23,34,Male,Married,Salaried Worker,Private,Yes,"Facebook, YouTube, TikTok",More than 5 hours,5,3,2,3,3,4,4,4,5,5,5,5,True,True,False,False,False,False,False,True,False,ADHD
214,2022-04-21 13:36,22,Male,Single,University Student,University,Yes,"Facebook, YouTube, Snapchat",Less than an Hour,1,1,1,1,1,1,1,1,1,1,1,1,False,True,False,False,True,False,False,True,False,Other
215,2022-04-21 13:44,20,Female,In a relationship,University Student,Unknown,Yes,Instagram,More than 5 hours,3,3,1,3,5,3,2,3,5,4,5,1,False,False,False,False,False,False,True,False,False,ADHD
216,2022-04-21 15:26,23,Male,In a relationship,University Student,"University, Company",Yes,"Facebook, Twitter, Instagram, YouTube, Discord, Reddit",Between 4 and 5 hours,4,2,1,1,3,1,1,3,1,3,2,1,False,True,True,False,False,True,True,True,True,ADHD
217,2022-04-21 15:57,48,Male,Married,Salaried Worker,Private,Yes,"Facebook, YouTube",Less than an Hour,1,1,1,1,1,1,5,5,3,1,1,1,False,True,False,False,False,False,False,True,False,Low Self Esteem
218,2022-04-21 17:47,37,Male,Married,Salaried Worker,Private,Yes,"Facebook, YouTube",Between 1 and 2 hours,4,4,1,3,4,4,4,4,3,2,3,2,False,True,False,False,False,False,False,True,False,ADHD
220,2022-04-21 19:35,50,Male,Single,Salaried Worker,Unknown,Yes,Facebook,Between 1 and 2 hours,3,2,3,3,3,5,4,5,5,2,4,3,False,True,False,False,False,False,False,False,False,ADHD
222,2022-04-21 20:31,23,Female,Single,University Student,"University, Goverment",Yes,"Facebook, Twitter, Instagram, YouTube, Snapchat, Discord, Pinterest",Between 2 and 3 hours,4,4,1,3,2,2,1,2,1,2,4,1,False,True,True,True,True,True,True,True,False,ADHD
224,2022-04-21 22:29,22,Female,Single,University Student,University,Yes,"Facebook, Twitter, Instagram, YouTube, Snapchat, Discord, Pinterest",Between 3 and 4 hours,3,3,3,3,3,2,2,3,3,3,3,3,False,True,True,True,True,True,True,True,False,ADHD
225,2022-04-21 23:02,22,Female,In a relationship,University Student,University,Yes,Facebook,More than 5 hours,3,1,4,4,3,4,3,4,3,4,4,3,False,True,False,False,False,False,False,False,False,ADHD
226,2022-04-21 23:02,22,Female,In a relationship,University Student,University,Yes,"Facebook, Instagram, YouTube, Snapchat, TikTok",More than 5 hours,2,5,3,3,3,4,5,3,3,2,4,3,True,True,False,False,True,False,True,True,False,ADHD
227,2022-04-21 23:11,19,Female,Single,University Student,University,Yes,"Facebook, Instagram, YouTube, Snapchat, Discord, Pinterest",Between 3 and 4 hours,5,4,5,3,5,4,5,1,5,4,4,3,False,True,False,True,True,True,True,True,False,ADHD
228,2022-04-22 0:24,23,Female,Single,University Student,University,Yes,"Facebook, Instagram, YouTube",Between 2 and 3 hours,5,5,3,5,3,5,1,3,2,2,2,5,False,True,False,False,False,False,True,True,False,ADHD
229,2022-04-22 2:35,46,Male,Married,Salaried Worker,"Company, Private",Yes,"Facebook, YouTube",Less than an Hour,2,1,1,1,1,1,1,2,1,1,3,4,False,True,False,False,False,False,False,True,False,Depression
230,2022-04-22 8:35,21,Male,In a relationship,University Student,University,Yes,"Facebook, Instagram, YouTube",More than 5 hours,4,5,3,4,4,4,3,3,4,4,4,5,False,True,False,False,False,False,True,True,False,ADHD
231,2022-04-22 11:56,24,Female,In a relationship,University Student,University,Yes,"Facebook, Instagram, YouTube, Discord",More than 5 hours,2,3,1,2,4,3,4,4,3,4,1,1,False,True,False,False,False,True,True,True,False,ADHD
232,2022-04-22 13:31,20,Female,Single,University Student,University,Yes,"Facebook, Instagram, YouTube",Less than an Hour,3,1,1,1,2,2,5,1,2,1,3,1,False,True,False,False,False,False,True,True,False,ADHD
233,2022-04-22 22:00,25,Male,Single,University Student,University,Yes,YouTube,Between 1 and 2 hours,5,5,1,1,2,3,4,5,3,5,2,5,False,False,False,False,False,False,False,True,False,ADHD
234,2022-04-22 22:26,21,Female,Single,University Student,"University, Company, Goverment",Yes,"Facebook, YouTube, Discord, Pinterest",Between 3 and 4 hours,2,1,1,2,2,1,1,1,1,1,1,1,False,True,False,True,False,True,False,True,False,Other
235,2022-04-24 5:23,23,Male,In a relationship,University Student,University,Yes,"Facebook, Twitter, Instagram, YouTube, Discord, Reddit, TikTok",More than 5 hours,4,4,3,5,4,4,4,2,1,4,4,3,True,True,True,False,False,True,True,True,True,ADHD
236,2022-04-26 3:01,22,Female,In a relationship,Salaried Worker,Company,Yes,"Instagram, YouTube, Discord, Reddit, TikTok",More than 5 hours,5,4,4,4,4,3,4,4,4,4,5,1,True,False,False,False,False,True,True,True,True,ADHD
237,2022-04-26 21:59,36,Male,Married,Salaried Worker,University,Yes,"Facebook, Instagram, YouTube, Pinterest",Less than an Hour,2,1,1,2,3,1,3,3,1,2,1,1,False,True,False,True,False,False,True,True,False,Anxiety
238,2022-04-26 22:13,22,Female,Single,University Student,University,Yes,"Facebook, Instagram, YouTube, Snapchat, Pinterest, TikTok",Between 2 and 3 hours,5,5,3,5,5,2,3,1,2,5,3,5,True,True,False,True,True,False,True,True,False,ADHD
240,2022-04-26 23:15,25,Female,Single,Salaried Worker,University,Yes,"Facebook, Instagram, YouTube",Between 4 and 5 hours,3,4,2,5,5,1,5,1,5,4,5,5,False,True,False,False,False,False,True,True,False,ADHD
241,2022-04-26 23:32,22,Female,Single,University Student,University,Yes,"Facebook, Twitter, Instagram, YouTube, Snapchat, TikTok",Between 4 and 5 hours,4,2,1,5,4,3,5,1,4,4,4,2,True,True,True,False,True,False,True,True,False,ADHD
242,2022-04-26 23:56,23,Male,Single,University Student,"University, N/A",Yes,"Facebook, Instagram, YouTube, Snapchat, Discord, TikTok",Between 3 and 4 hours,3,4,2,5,5,5,5,4,4,2,3,4,True,True,False,False,True,True,True,True,False,ADHD
243,2022-04-27 2:12,23,Male,Single,University Student,University,Yes,"Facebook, Instagram",Less than an Hour,3,2,1,3,4,3,3,3,2,3,2,5,False,True,False,False,False,False,True,False,False,ADHD
244,2022-05-11 19:06,19,Female,Single,School Student,University,Yes,"Facebook, Instagram, YouTube, Discord",Between 3 and 4 hours,5,3,2,3,5,5,2,3,3,3,5,5,False,True,False,False,False,True,True,True,False,ADHD
246,2022-05-11 19:09,27,Female,In a relationship,Salaried Worker,Private,Yes,"Facebook, Instagram, YouTube, Snapchat",Between 4 and 5 hours,5,5,3,4,4,4,4,2,3,4,4,2,False,True,False,False,True,False,True,True,False,ADHD
247,2022-05-11 19:16,25,Female,Single,University Student,University,Yes,"Facebook, YouTube, Discord",More than 5 hours,4,3,1,2,4,3,4,2,2,4,2,1,False,True,False,False,False,True,False,True,False,ADHD
249,2022-05-11 19:27,34,Female,Married,Salaried Worker,School,Yes,Facebook,Between 1 and 2 hours,2,5,1,1,1,5,2,3,5,1,2,1,False,True,False,False,False,False,False,False,False,ADHD
250,2022-05-11 19:30,23,Female,Single,University Student,University,Yes,"Facebook, Instagram, YouTube, Snapchat, Discord, Pinterest",More than 5 hours,5,5,3,3,5,3,3,4,3,4,5,4,False,True,False,True,True,True,True,True,False,ADHD
252,2022-05-11 19:35,26,Female,Single,Salaried Worker,Unknown,Yes,"Facebook, Instagram, YouTube, Discord, Pinterest, TikTok",Between 4 and 5 hours,5,5,3,5,5,5,3,3,3,5,4,4,True,True,False,True,False,True,True,True,False,ADHD
253,2022-05-11 19:45,25,Male,Single,University Student,University,Yes,"Facebook, Twitter, Instagram, YouTube, Snapchat, Discord, Pinterest, TikTok",Between 4 and 5 hours,4,5,2,5,1,5,2,3,4,5,1,5,True,True,True,True,True,True,True,True,False,ADHD
254,2022-05-11 19:47,22,Female,Married,University Student,University,Yes,"Facebook, Instagram, YouTube, Pinterest",Between 2 and 3 hours,5,4,2,3,3,2,1,3,2,2,3,3,False,True,False,True,False,False,True,True,False,ADHD
255,2022-05-11 19:47,20,Male,Single,University Student,University,Yes,"Facebook, Twitter, Instagram, YouTube, Snapchat, Discord, Reddit",Less than an Hour,4,2,1,3,5,2,1,4,2,2,4,2,False,True,True,False,True,True,True,True,True,ADHD
256,2022-05-11 19:47,23,Female,Single,University Student,University,Yes,"Facebook, Instagram, YouTube, Snapchat",More than 5 hours,4,5,3,4,5,5,5,1,3,3,4,5,False,True,False,False,True,False,True,True,False,ADHD
257,2022-05-11 19:48,91,Female,Single,University Student,University,Yes,"Facebook, Instagram, YouTube, Snapchat, Discord",Between 2 and 3 hours,2,5,4,4,5,5,5,1,5,5,5,5,False,True,False,False,True,True,True,True,False,ADHD
258,2022-05-11 19:51,22,Female,Single,University Student,University,Yes,"Facebook, Instagram, YouTube, Snapchat, Discord",Between 4 and 5 hours,4,1,2,1,1,1,1,2,1,1,2,3,False,True,False,False,True,True,True,True,False,ADHD
259,2022-05-11 19:51,23,Female,Single,University Student,"University, N/A",Yes,"Facebook, Instagram, YouTube, TikTok",More than 5 hours,3,3,2,3,3,4,3,3,4,4,3,2,True,True,False,False,False,False,True,True,False,ADHD
260,2022-05-11 19:58,21,Female,In a relationship,University Student,"University, Company",Yes,"Facebook, Instagram, Discord",Between 2 and 3 hours,2,3,4,2,3,4,2,4,2,3,1,4,False,True,False,False,False,True,True,False,False,ADHD
261,2022-05-11 20:12,36,Female,Married,Salaried Worker,Unknown,Yes,"Facebook, YouTube, Snapchat",Between 1 and 2 hours,4,1,1,2,2,1,1,3,2,2,3,3,False,True,False,False,True,False,False,True,False,ADHD
262,2022-05-11 20:13,21,Female,In a relationship,University Student,University,Yes,"Facebook, Instagram, YouTube, Snapchat, Discord, TikTok",Between 2 and 3 hours,3,3,2,3,5,4,3,3,3,5,5,4,True,True,False,False,True,True,True,True,False,ADHD
263,2022-05-11 20:15,22,Female,Single,University Student,University,Yes,"Facebook, Instagram, YouTube",Between 1 and 2 hours,2,2,2,2,2,3,4,3,3,3,2,2,False,True,False,False,False,False,True,True,False,Depression
264,2022-05-11 20:15,22,Male,Single,University Student,University,Yes,"Facebook, Twitter, Instagram, YouTube, Discord, Reddit, Pinterest, TikTok",More than 5 hours,4,4,3,4,2,4,4,3,4,3,4,3,True,True,True,True,False,True,True,True,True,ADHD
265,2022-05-11 20:17,22,Female,Single,University Student,University,Yes,"Facebook, Instagram, YouTube, Snapchat",More than 5 hours,5,2,5,4,4,4,4,3,2,2,3,2,False,True,False,False,True,False,True,True,False,ADHD
267,2022-05-11 20:19,26,Female,In a relationship,Salaried Worker,Private,Yes,"Facebook, Twitter, Instagram, YouTube",More than 5 hours,4,4,1,3,3,2,2,4,1,2,2,4,False,True,True,False,False,False,True,True,False,ADHD
268,2022-05-11 20:34,21,Male,Single,University Student,University,Yes,YouTube,Between 2 and 3 hours,3,3,2,5,5,4,2,3,2,4,2,4,False,False,False,False,False,False,False,True,False,ADHD
270,2022-05-11 20:36,21,Female,In a relationship,University Student,"School, University, Private",Yes,"Facebook, Twitter, YouTube, Discord, Pinterest",More than 5 hours,3,2,1,2,3,1,1,3,1,3,3,2,False,True,True,True,False,True,False,True,False,ADHD
271,2022-05-11 20:39,19,Female,Single,School Student,School,Yes,"Facebook, Twitter, Instagram, YouTube, Snapchat, Discord, Reddit, Pinterest, TikTok",More than 5 hours,3,2,1,5,2,3,1,3,1,2,1,5,True,True,True,True,True,True,True,True,True,ADHD
273,2022-05-11 20:45,22,Female,Single,University Student,"University, Private",Yes,"Facebook, Twitter, Instagram, YouTube, Snapchat, Discord, Reddit, Pinterest, TikTok",Between 3 and 4 hours,5,4,3,4,4,3,2,3,4,3,3,4,True,True,True,True,True,True,True,True,True,ADHD
274,2022-05-11 20:50,23,Male,Single,University Student,"School, University",Yes,"YouTube, Discord, Reddit",Between 1 and 2 hours,2,2,1,5,5,5,1,3,1,5,1,5,False,False,False,False,False,True,False,True,True,Anxiety
275,2022-05-11 20:51,21,Male,Single,University Student,University,Yes,"Facebook, Twitter, Instagram, YouTube, Discord, Reddit",Between 2 and 3 hours,4,4,4,5,5,4,4,2,3,3,4,3,False,True,True,False,False,True,True,True,True,ADHD
276,2022-05-11 20:57,21,Female,In a relationship,University Student,"School, University",Yes,"Facebook, Instagram, YouTube, Snapchat, Discord, Pinterest, TikTok",Between 3 and 4 hours,5,4,2,5,5,4,4,3,3,5,5,5,True,True,False,True,True,True,True,True,False,ADHD
277,2022-05-11 20:58,22,Male,In a relationship,University Student,University,Yes,"Facebook, Instagram, YouTube, Snapchat, Discord",Between 4 and 5 hours,5,5,3,5,5,5,5,5,5,5,5,5,False,True,False,False,True,True,True,True,False,ADHD
278,2022-05-11 21:02,26,Male,Single,Salaried Worker,Company,Yes,"Facebook, Instagram, YouTube, Discord",More than 5 hours,5,5,5,5,5,5,5,5,1,5,5,5,False,True,False,False,False,True,True,True,False,ADHD
280,2022-05-11 21:08,17,Male,Single,School Student,School,Yes,Discord,Between 2 and 3 hours,3,4,3,3,3,3,5,3,4,5,3,4,False,False,False,False,False,True,False,False,False,ADHD
282,2022-05-11 21:14,21,Male,Single,School Student,"School, Company",Yes,"Facebook, Instagram, YouTube, Discord, Reddit, Pinterest",Between 3 and 4 hours,2,4,2,4,5,4,5,4,4,4,3,3,False,True,False,True,False,True,True,True,True,ADHD
283,2022-05-11 21:16,22,Female,Single,University Student,University,Yes,"Facebook, Instagram, YouTube, Snapchat",More than 5 hours,1,1,1,1,1,1,2,2,1,2,1,2,False,True,False,False,True,False,True,True,False,Other
284,2022-05-11 21:19,20,Male,Single,University Student,University,Yes,"Facebook, Twitter, Instagram, YouTube, Snapchat, Discord, TikTok",More than 5 hours,4,5,3,2,5,3,4,2,1,5,4,5,True,True,True,False,True,True,True,True,False,ADHD
285,2022-05-11 21:20,24,Female,Single,University Student,University,Yes,"Facebook, Twitter, Instagram, YouTube",Between 4 and 5 hours,4,4,3,4,4,4,3,3,3,4,4,4,False,True,True,False,False,False,True,True,False,ADHD
286,2022-05-11 21:20,22,Female,Single,University Student,Private,Yes,"Facebook, Instagram, YouTube, Snapchat",Between 3 and 4 hours,4,4,2,5,4,5,3,2,2,3,4,4,False,True,False,False,True,False,True,True,False,ADHD
287,2022-05-11 21:22,24,Male,Single,University Student,University,Yes,"Facebook, Twitter, Instagram, YouTube, Discord",Between 3 and 4 hours,4,3,2,3,2,3,2,1,3,2,3,2,False,True,True,False,False,True,True,True,False,ADHD
288,2022-05-11 21:22,22,Female,Single,University Student,University,Yes,"Facebook, Instagram, YouTube, Snapchat, Pinterest",More than 5 hours,3,4,4,5,5,4,5,2,4,5,4,4,False,True,False,True,True,False,True,True,False,ADHD
289,2022-05-11 21:24,26,Male,In a relationship,University Student,"University, Private",Yes,"Facebook, Twitter, Instagram, YouTube, Snapchat, Discord, Pinterest",Between 4 and 5 hours,3,3,2,2,4,2,2,3,4,4,2,2,False,True,True,True,True,True,True,True,False,ADHD
290,2022-05-11 21:25,24,Female,In a relationship,Salaried Worker,Private,Yes,"Facebook, Instagram, YouTube, Discord, Pinterest",Between 3 and 4 hours,2,1,1,2,4,2,1,1,3,3,2,4,False,True,False,True,False,True,True,True,False,Anxiety
291,2022-05-11 21:29,22,Female,Single,University Student,University,Yes,"Facebook, YouTube",Between 2 and 3 hours,3,4,1,2,2,3,3,3,3,3,4,4,False,True,False,False,False,False,False,True,False,ADHD
293,2022-05-11 21:32,21,Female,Single,University Student,University,Yes,"Facebook, Instagram, YouTube, Snapchat, Discord, Reddit, Pinterest, TikTok",Between 4 and 5 hours,4,5,3,4,4,5,2,3,3,4,5,4,True,True,False,True,True,True,True,True,True,ADHD
294,2022-05-11 21:34,20,Female,In a relationship,University Student,University,Yes,"Facebook, Instagram, YouTube, Snapchat, TikTok",Between 2 and 3 hours,4,4,4,4,4,4,5,5,4,5,5,5,True,True,False,False,True,False,True,True,False,ADHD
295,2022-05-11 21:35,22,Female,Single,University Student,University,Yes,"Facebook, Instagram, YouTube",Between 1 and 2 hours,3,3,1,3,1,1,1,3,5,1,1,1,False,True,False,False,False,False,True,True,False,ADHD
296,2022-05-11 21:35,25,Female,In a relationship,Salaried Worker,Company,Yes,"Facebook, Twitter, Instagram, YouTube, Snapchat, Pinterest",Between 2 and 3 hours,2,1,3,2,4,4,3,3,1,2,1,1,False,True,True,True,True,False,True,True,False,Anxiety
298,2022-05-11 21:38,22,Female,Single,University Student,University,Yes,"Facebook, Twitter, Instagram, YouTube",Between 2 and 3 hours,4,2,3,3,5,4,4,3,3,4,3,5,False,True,True,False,False,False,True,True,False,ADHD
299,2022-05-11 21:45,26,Male,Single,University Student,University,Yes,"Facebook, Twitter, Instagram, YouTube, Reddit",Between 1 and 2 hours,3,4,2,4,4,4,2,2,1,3,3,2,False,True,True,False,False,False,True,True,True,ADHD
301,2022-05-11 21:46,23,Male,In a relationship,University Student,"University, Company, Private",Yes,"Facebook, Instagram, YouTube, Snapchat, Pinterest",Between 2 and 3 hours,3,4,5,3,5,3,3,3,3,5,1,4,False,True,False,True,True,False,True,True,False,ADHD
302,2022-05-11 21:47,25,Male,Single,Salaried Worker,"Company, Private",Yes,"Facebook, Instagram, YouTube, Snapchat",Between 2 and 3 hours,4,2,2,3,5,4,1,1,2,5,5,5,False,True,False,False,True,False,True,True,False,ADHD
304,2022-05-11 21:56,30,Female,Single,Salaried Worker,Private,Yes,"Facebook, TikTok",Between 2 and 3 hours,4,5,4,3,3,5,4,3,1,4,4,5,True,True,False,False,False,False,False,False,False,ADHD
305,2022-05-11 21:56,23,Female,Single,University Student,University,Yes,"Facebook, Instagram, YouTube",Between 3 and 4 hours,2,4,1,3,4,3,4,2,2,3,3,2,False,True,False,False,False,False,True,True,False,ADHD
306,2022-05-11 21:56,22,Male,In a relationship,Salaried Worker,"University, Company",Yes,"Facebook, Twitter, Instagram, YouTube, Snapchat, Discord, Reddit, TikTok",Between 4 and 5 hours,4,5,4,5,5,4,3,3,3,3,4,2,True,True,True,False,True,True,True,True,True,ADHD
307,2022-05-11 21:59,21,Female,In a relationship,University Student,University,Yes,"Facebook, Instagram, YouTube",Between 4 and 5 hours,5,5,5,4,4,3,5,2,2,5,4,3,False,True,False,False,False,False,True,True,False,ADHD
309,2022-05-11 22:03,18,Female,Single,University Student,University,Yes,"Facebook, Instagram, YouTube, Snapchat, Discord, Pinterest",More than 5 hours,3,2,2,2,4,2,1,3,3,2,3,4,False,True,False,True,True,True,True,True,False,ADHD
310,2022-05-11 22:05,20,Female,Single,University Student,University,Yes,"Twitter, Instagram, YouTube",Between 3 and 4 hours,3,3,2,2,4,2,2,3,2,2,3,1,False,False,True,False,False,False,True,True,False,ADHD
311,2022-05-11 22:06,15,Female,Single,School Student,School,Yes,"Instagram, YouTube, Discord, Pinterest",Between 3 and 4 hours,4,3,1,3,5,3,3,3,1,5,4,5,False,False,False,True,False,True,True,True,False,ADHD
314,2022-05-11 22:10,21,Male,Single,University Student,University,Yes,"Facebook, Instagram",Between 1 and 2 hours,2,3,1,4,5,4,3,3,1,5,5,5,False,True,False,False,False,False,True,False,False,ADHD
315,2022-05-11 22:11,22,Female,Single,University Student,University,Yes,"Facebook, Twitter, Instagram, YouTube, Snapchat, TikTok",More than 5 hours,5,1,4,1,4,4,3,4,2,4,5,4,True,True,True,False,True,False,True,True,False,ADHD
316,2022-05-11 22:11,23,Female,Married,University Student,University,Yes,Facebook,More than 5 hours,4,3,3,4,4,5,4,4,3,3,3,4,False,True,False,False,False,False,False,False,False,ADHD
317,2022-05-11 22:11,24,Male,Single,University Student,University,Yes,"Facebook, Twitter, Instagram, YouTube, Snapchat, Discord, Reddit, Pinterest",Between 3 and 4 hours,2,1,1,1,4,1,1,3,1,3,1,3,False,True,True,True,True,True,True,True,True,Anxiety
318,2022-05-11 22:14,21,Female,In a relationship,University Student,"University, Private",Yes,"Facebook, Instagram, YouTube, Snapchat",More than 5 hours,4,5,4,5,3,5,3,3,2,5,5,4,False,True,False,False,True,False,True,True,False,ADHD
319,2022-05-11 22:20,22,Female,Single,University Student,University,Yes,"Facebook, Instagram, YouTube, Snapchat, Pinterest, TikTok",More than 5 hours,5,5,5,5,5,5,5,1,4,5,5,5,True,True,False,True,True,False,True,True,False,ADHD
320,2022-05-11 22:21,22,Female,Single,University Student,University,Yes,"Facebook, YouTube, Snapchat, Discord",More than 5 hours,5,5,5,5,5,5,5,5,5,5,5,5,False,True,False,False,True,True,False,True,False,ADHD
326,2022-05-11 22:33,21,Others,Single,University Student,University,Yes,"Facebook, Instagram, YouTube, Snapchat, Reddit, Pinterest, TikTok",More than 5 hours,4,2,3,5,5,4,4,3,5,5,5,1,True,True,False,True,True,False,True,True,True,ADHD
327,2022-05-11 22:33,21,Female,Single,University Student,Unknown,Yes,"Facebook, Instagram, YouTube, Snapchat, Discord, TikTok",Between 3 and 4 hours,5,5,4,5,5,4,5,5,3,5,3,5,True,True,False,False,True,True,True,True,False,ADHD
328,2022-05-11 22:34,22,Male,Single,University Student,University,Yes,"Facebook, Instagram, YouTube, Discord, Pinterest",Between 2 and 3 hours,4,5,4,4,5,5,2,2,5,5,5,4,False,True,False,True,False,True,True,True,False,ADHD
329,2022-05-11 22:36,21,Female,Single,University Student,"University, Company",Yes,"Facebook, Instagram, Snapchat, Pinterest, TikTok",Between 2 and 3 hours,4,4,1,3,2,2,2,2,2,4,3,2,True,True,False,True,True,False,True,False,False,ADHD
330,2022-05-11 22:38,23,Male,Married,University Student,University,Yes,"Facebook, Twitter, Instagram, YouTube, Snapchat, Discord, Reddit, Pinterest, TikTok",Between 2 and 3 hours,5,4,3,5,4,5,3,2,2,4,4,4,True,True,True,True,True,True,True,True,True,ADHD
331,2022-05-11 22:38,19,Male,Single,University Student,University,Yes,"Facebook, Twitter, Instagram, YouTube, Snapchat, Discord, Reddit, Pinterest, TikTok",Between 3 and 4 hours,4,2,2,2,3,1,2,5,1,1,3,4,True,True,True,True,True,True,True,True,True,ADHD
332,2022-05-11 22:41,26,Male,Single,Salaried Worker,"School, Company",Yes,"Facebook, Twitter, Instagram, YouTube, Snapchat, Discord, Reddit",Between 2 and 3 hours,4,3,2,4,3,3,4,3,1,4,2,2,False,True,True,False,True,True,True,True,True,ADHD
333,2022-05-11 22:44,27,Male,Single,Salaried Worker,Company,Yes,"Facebook, Twitter, Instagram, YouTube, Reddit, Pinterest",Between 2 and 3 hours,5,5,2,2,1,1,2,4,1,3,2,3,False,True,True,True,False,False,True,True,True,ADHD
335,2022-05-11 22:46,20,Female,Single,University Student,University,Yes,"Facebook, Instagram, YouTube, Discord",Between 4 and 5 hours,3,3,3,3,3,3,3,3,3,3,3,3,False,True,False,False,False,True,True,True,False,ADHD
337,2022-05-11 22:52,22,Male,Single,University Student,University,Yes,"Facebook, Twitter, Instagram, YouTube, Snapchat, Discord, Reddit, Pinterest",Between 3 and 4 hours,4,4,1,3,3,1,1,1,1,1,2,2,False,True,True,True,True,True,True,True,True,ADHD
338,2022-05-11 22:54,18,Female,Single,School Student,Private,Yes,"Facebook, Instagram, YouTube",Between 3 and 4 hours,5,5,2,5,4,5,5,2,4,4,5,5,False,True,False,False,False,False,True,True,False,ADHD
339,2022-05-11 22:54,22,Male,In a relationship,University Student,"University, Company",Yes,"Facebook, Instagram, YouTube, Snapchat, Discord, Reddit",Between 2 and 3 hours,4,3,2,3,4,3,2,4,1,3,1,3,False,True,False,False,True,True,True,True,True,ADHD
340,2022-05-11 22:55,20,Male,Single,Salaried Worker,Company,Yes,"Facebook, Twitter, Instagram, Snapchat, Reddit",Between 1 and 2 hours,3,3,2,3,5,3,1,3,4,5,3,2,False,True,True,False,True,False,True,False,True,ADHD
342,2022-05-11 23:02,21,Male,Single,University Student,University,Yes,"Facebook, Instagram, YouTube",Between 4 and 5 hours,3,4,3,3,5,5,4,4,4,3,4,3,False,True,False,False,False,False,True,True,False,ADHD
343,2022-05-11 23:11,29,Female,Single,Salaried Worker,Private,Yes,"Facebook, Instagram",Between 3 and 4 hours,5,3,1,3,5,3,2,2,1,5,5,5,False,True,False,False,False,False,True,False,False,ADHD
344,2022-05-11 23:12,21,Male,Single,University Student,"University, Company, Private",Yes,"Facebook, Instagram, YouTube, Snapchat, Discord, TikTok",Between 1 and 2 hours,4,4,3,3,5,2,4,2,2,2,4,5,True,True,False,False,True,True,True,True,False,ADHD
345,2022-05-11 23:16,19,Female,Single,University Student,"School, University, Private",Yes,"Facebook, Instagram, YouTube, Snapchat, Discord, Reddit, Pinterest, TikTok",More than 5 hours,3,5,4,3,5,4,1,5,1,5,5,5,True,True,False,True,True,True,True,True,True,ADHD
346,2022-05-11 23:17,21,Female,In a relationship,University Student,University,Yes,"Facebook, Instagram, YouTube, Snapchat, Discord",Between 2 and 3 hours,5,4,3,4,4,4,2,3,1,5,4,2,False,True,False,False,True,True,True,True,False,ADHD
347,2022-05-11 23:22,43,Male,Married,Salaried Worker,Goverment,Yes,"Facebook, YouTube",Less than an Hour,2,1,1,1,1,1,1,3,3,1,1,1,False,True,False,False,False,False,False,True,False,Low Self Esteem
348,2022-05-11 23:23,22,Female,Married,University Student,University,Yes,"Facebook, Twitter, Instagram, YouTube, Snapchat, Discord, Reddit, Pinterest, TikTok",Between 4 and 5 hours,5,5,3,4,4,4,4,1,1,4,2,1,True,True,True,True,True,True,True,True,True,ADHD
349,2022-05-11 23:27,24,Male,In a relationship,University Student,"University, Company",Yes,"Facebook, Twitter, Instagram, YouTube, Snapchat, Discord, Reddit",Between 4 and 5 hours,4,5,3,5,5,5,1,3,1,3,2,1,False,True,True,False,True,True,True,True,True,ADHD
350,2022-05-11 23:33,18,Female,Single,School Student,School,Yes,"Facebook, YouTube",More than 5 hours,5,5,3,3,5,4,1,3,1,5,4,4,False,True,False,False,False,False,False,True,False,ADHD
351,2022-05-11 23:34,19,Female,Single,University Student,University,Yes,"Facebook, Instagram, YouTube, Snapchat, Discord",Between 3 and 4 hours,4,3,1,3,4,4,2,3,1,4,3,5,False,True,False,False,True,True,True,True,False,ADHD
352,2022-05-11 23:35,37,Female,In a relationship,Salaried Worker,Private,Yes,"Facebook, YouTube",Between 1 and 2 hours,2,2,1,3,3,2,2,3,1,3,3,4,False,True,False,False,False,False,False,True,False,Anxiety
353,2022-05-11 23:37,24,Male,Single,University Student,University,Yes,"Facebook, Instagram, YouTube, Discord, Reddit",Between 4 and 5 hours,4,4,2,4,4,5,4,2,3,3,4,5,False,True,False,False,False,True,True,True,True,ADHD
354,2022-05-11 23:38,29,Female,Single,Salaried Worker,University,Yes,"Facebook, Twitter, Instagram, YouTube, Reddit, Pinterest",Between 1 and 2 hours,2,2,1,4,5,4,4,2,1,5,2,4,False,True,True,True,False,False,True,True,True,Anxiety
355,2022-05-11 23:40,19,Male,Single,School Student,Private,Yes,"Facebook, Instagram, YouTube, Snapchat, Discord, Reddit, TikTok",Between 4 and 5 hours,3,3,2,2,3,2,2,1,3,2,2,2,True,True,False,False,True,True,True,True,True,ADHD
356,2022-05-11 23:41,35,Male,Married,Salaried Worker,Company,Yes,"Facebook, Instagram, YouTube, Discord",Less than an Hour,2,3,2,2,4,4,2,2,4,3,2,5,False,True,False,False,False,True,True,True,False,ADHD
357,2022-05-11 23:43,22,Female,Single,University Student,University,Yes,"Twitter, Discord, Reddit",Between 2 and 3 hours,4,5,4,5,5,4,3,3,1,4,4,2,False,False,True,False,False,True,False,False,True,ADHD
358,2022-05-11 23:54,23,Male,Single,University Student,"University, Company",Yes,"Facebook, Twitter, Instagram, YouTube, Snapchat, Discord, Pinterest",Between 1 and 2 hours,3,2,2,3,2,2,2,4,2,3,2,3,False,True,True,True,True,True,True,True,False,ADHD
359,2022-05-11 23:59,22,Female,Single,University Student,University,Yes,"Twitter, Instagram, TikTok",More than 5 hours,5,5,5,4,4,4,2,3,2,3,4,1,True,False,True,False,False,False,True,False,False,ADHD
360,2022-05-12 0:07,25,Male,Single,Salaried Worker,Private,Yes,"Facebook, Instagram, YouTube, Snapchat, Discord",Between 2 and 3 hours,4,4,1,5,5,3,5,2,2,4,3,5,False,True,False,False,True,True,True,True,False,ADHD
361,2022-05-12 0:16,19,Male,Single,School Student,School,Yes,"Facebook, Instagram, YouTube, TikTok",Between 4 and 5 hours,3,3,4,3,3,3,4,3,3,3,3,2,True,True,False,False,False,False,True,True,False,ADHD
362,2022-05-12 0:22,29,Female,Married,Salaried Worker,Private,Yes,"Facebook, Instagram, YouTube, Pinterest",Between 1 and 2 hours,4,4,1,3,3,3,2,3,1,2,2,4,False,True,False,True,False,False,True,True,False,ADHD
363,2022-05-12 0:22,21,Female,In a relationship,University Student,"University, Private",Yes,"Facebook, Twitter, Instagram, YouTube, Snapchat, Pinterest",Between 4 and 5 hours,4,5,3,3,3,3,5,1,4,4,3,5,False,True,True,True,True,False,True,True,False,ADHD
364,2022-05-12 0:26,21,Male,In a relationship,University Student,University,Yes,"Facebook, Instagram, YouTube, Snapchat, Discord",Between 4 and 5 hours,4,2,2,2,1,1,1,3,1,2,2,2,False,True,False,False,True,True,True,True,False,ADHD
365,2022-05-12 0:29,22,Female,Married,University Student,Unknown,Yes,"Facebook, Instagram, YouTube, Snapchat, Discord",Between 2 and 3 hours,3,2,1,1,1,3,1,1,2,1,2,2,False,True,False,False,True,True,True,True,False,ADHD
366,2022-05-12 0:30,23,Female,Single,University Student,"University, Company",Yes,"Facebook, Twitter, Instagram, YouTube, Snapchat, Discord, Reddit, Pinterest, TikTok",Between 4 and 5 hours,5,4,2,4,5,5,5,1,4,5,2,5,True,True,True,True,True,True,True,True,True,ADHD
367,2022-05-12 0:32,22,Female,In a relationship,University Student,University,Yes,"Facebook, Instagram, YouTube",Between 2 and 3 hours,4,5,4,5,3,5,4,3,2,4,4,4,False,True,False,False,False,False,True,True,False,ADHD
368,2022-05-12 0:41,20,Male,Divorced,University Student,University,Yes,"Facebook, Instagram, YouTube, Snapchat, Discord",More than 5 hours,5,5,5,5,5,5,5,5,5,5,5,5,False,True,False,False,True,True,True,True,False,ADHD
369,2022-05-12 0:49,22,Others,In a relationship,Salaried Worker,Company,Yes,"Facebook, Instagram, YouTube, Snapchat",More than 5 hours,4,5,5,5,1,3,3,4,2,1,2,1,False,True,False,False,True,False,True,True,False,ADHD
370,2022-05-12 0:52,27,Female,Single,Salaried Worker,Private,Yes,"Facebook, Instagram, Snapchat, Discord, Pinterest, TikTok",Between 3 and 4 hours,3,3,3,3,4,4,4,4,3,5,3,4,True,True,False,True,True,True,True,False,False,ADHD
371,2022-05-12 0:54,24,Male,Single,Salaried Worker,Company,Yes,"Facebook, Twitter, Instagram, YouTube, Snapchat, Discord, Reddit, Pinterest",More than 5 hours,5,2,2,2,4,2,2,3,3,2,1,5,False,True,True,True,True,True,True,True,True,ADHD
372,2022-05-12 0:55,21,Female,Married,University Student,"University, Company",Yes,"Facebook, Instagram, YouTube, Snapchat",Between 1 and 2 hours,5,5,2,4,5,5,5,1,5,4,5,5,False,True,False,False,True,False,True,True,False,ADHD
373,2022-05-12 1:12,23,Female,Single,University Student,University,Yes,"YouTube, Pinterest",Less than an Hour,3,2,1,1,2,1,1,2,2,3,4,3,False,False,False,True,False,False,False,True,False,ADHD
376,2022-05-12 2:05,24,Female,In a relationship,University Student,University,Yes,"Facebook, Twitter, Instagram, YouTube, Snapchat, Discord, Pinterest, TikTok",Between 4 and 5 hours,3,2,2,3,5,3,5,2,3,5,5,4,True,True,True,True,True,True,True,True,False,ADHD
378,2022-05-12 2:09,30,Female,Single,Salaried Worker,Unknown,Yes,"Facebook, Instagram, YouTube",Between 2 and 3 hours,4,5,3,5,5,5,4,2,5,4,5,4,False,True,False,False,False,False,True,True,False,ADHD
380,2022-05-12 2:18,22,Female,Single,University Student,University,Yes,"Facebook, Instagram, YouTube, Snapchat",More than 5 hours,4,3,3,3,2,2,3,3,1,1,3,2,False,True,False,False,True,False,True,True,False,ADHD
381,2022-05-12 2:30,29,Female,Single,University Student,University,Yes,"Facebook, Instagram, YouTube, Snapchat, Pinterest, TikTok",More than 5 hours,5,5,3,5,4,5,5,3,3,5,5,5,True,True,False,True,True,False,True,True,False,ADHD
382,2022-05-12 3:02,20,Male,Single,University Student,"School, University",Yes,"Instagram, YouTube, Discord, Reddit, Pinterest",Between 3 and 4 hours,4,3,2,3,5,5,5,5,5,5,5,1,False,False,False,True,False,True,True,True,True,ADHD
383,2022-05-12 3:24,26,Female,Single,University Student,University,Yes,"Facebook, YouTube",More than 5 hours,4,2,2,3,5,3,5,2,3,4,5,5,False,True,False,False,False,False,False,True,False,ADHD
384,2022-05-12 3:24,24,Male,Single,Salaried Worker,Company,Yes,"Facebook, Twitter, Instagram, YouTube, Snapchat, Discord, Reddit, Pinterest, TikTok",Between 1 and 2 hours,3,4,1,3,3,2,3,3,4,5,3,3,True,True,True,True,True,True,True,True,True,ADHD
385,2022-05-12 3:26,26,Male,In a relationship,University Student,University,Yes,"Facebook, Instagram, YouTube, Snapchat",Between 3 and 4 hours,4,5,3,4,4,4,5,1,2,3,4,3,False,True,False,False,True,False,True,True,False,ADHD
386,2022-05-12 3:37,22,Male,Single,University Student,"University, Company",Yes,"Facebook, YouTube, Discord",Between 2 and 3 hours,5,4,2,3,3,4,3,4,1,2,2,4,False,True,False,False,False,True,False,True,False,ADHD
387,2022-05-12 3:47,23,Male,Single,University Student,"University, Private",Yes,"Facebook, Instagram, YouTube, Snapchat, Discord, Pinterest, TikTok",Between 4 and 5 hours,5,5,2,4,5,3,5,3,2,3,3,4,True,True,False,True,True,True,True,True,False,ADHD
388,2022-05-12 3:57,19,Male,Single,School Student,School,Yes,"Facebook, Instagram, YouTube, Snapchat, Discord, Reddit, Pinterest",Between 4 and 5 hours,4,4,2,4,4,4,5,2,4,2,4,4,False,True,False,True,True,True,True,True,True,ADHD
389,2022-05-12 4:35,21,Female,Single,University Student,University,Yes,"Twitter, Instagram, YouTube, TikTok",Between 2 and 3 hours,3,4,3,4,4,4,5,1,2,4,4,2,True,False,True,False,False,False,True,True,False,ADHD
390,2022-05-12 4:46,20,Female,Single,University Student,University,Yes,"Facebook, Instagram, YouTube, Snapchat, Discord, Reddit, Pinterest, TikTok",Between 4 and 5 hours,5,5,5,5,5,5,2,3,2,4,4,5,True,True,False,True,True,True,True,True,True,ADHD
391,2022-05-12 5:24,22,Male,Single,University Student,University,Yes,"Facebook, Instagram, YouTube, Snapchat, Discord",More than 5 hours,4,4,4,4,2,3,2,3,4,3,3,4,False,True,False,False,True,True,True,True,False,ADHD
397,2022-05-12 11:06,22,Female,Single,University Student,University,Yes,"Facebook, Instagram, YouTube, Snapchat",More than 5 hours,5,4,4,4,4,4,2,4,3,5,4,3,False,True,False,False,True,False,True,True,False,ADHD
398,2022-05-12 11:06,21,Female,Single,University Student,University,Yes,Facebook,More than 5 hours,4,4,3,5,4,5,4,3,4,5,5,5,False,True,False,False,False,False,False,False,False,ADHD
399,2022-05-12 13:15,21,Female,Single,University Student,University,Yes,"Facebook, Twitter, Instagram, YouTube, Snapchat, Pinterest",Between 2 and 3 hours,2,1,4,2,2,2,3,3,2,1,4,4,False,True,True,True,True,False,True,True,False,Anxiety
400,2022-05-12 13:23,24,Female,Single,University Student,Unknown,Yes,"Facebook, Instagram, YouTube, Snapchat",Between 4 and 5 hours,3,4,1,5,4,5,3,3,4,5,5,5,False,True,False,False,True,False,True,True,False,ADHD
402,2022-05-12 18:11,52,Male,Married,Salaried Worker,Private,Yes,"Facebook, YouTube",Between 1 and 2 hours,2,2,3,3,3,2,3,2,2,3,2,4,False,True,False,False,False,False,False,True,False,Anxiety
403,2022-05-12 18:16,26,Male,Single,University Student,University,Yes,"Facebook, Instagram, YouTube, Reddit, Pinterest, TikTok",More than 5 hours,5,4,3,4,4,4,3,3,2,3,4,5,True,True,False,True,False,False,True,True,True,ADHD
404,2022-05-12 18:33,44,Male,Married,Salaried Worker,Private,Yes,Facebook,Less than an Hour,1,1,1,2,1,1,1,1,1,1,1,1,False,True,False,False,False,False,False,False,False,Other
405,2022-05-12 18:36,44,Male,Married,Salaried Worker,Private,Yes,Facebook,Less than an Hour,1,1,1,1,1,1,1,1,1,1,1,1,False,True,False,False,False,False,False,False,False,Other
406,2022-05-12 18:58,19,Female,Single,University Student,University,Yes,"Facebook, YouTube, Discord, Pinterest",Between 3 and 4 hours,4,5,2,4,5,3,5,5,1,5,4,5,False,True,False,True,False,True,False,True,False,ADHD
407,2022-05-12 19:12,35,Male,Single,Salaried Worker,Private,Yes,"Facebook, Snapchat, Reddit",Between 3 and 4 hours,5,5,5,5,5,5,5,1,1,5,5,5,False,True,False,False,True,False,False,False,True,ADHD
408,2022-05-12 19:12,21,Female,In a relationship,University Student,University,Yes,"Facebook, Instagram, Snapchat",More than 5 hours,3,5,2,5,3,5,4,2,4,4,3,3,False,True,False,False,True,False,True,False,False,ADHD
411,2022-05-12 19:23,21,Female,Single,University Student,"School, University",Yes,"Facebook, Instagram, YouTube, Reddit, Pinterest",Between 3 and 4 hours,4,4,3,5,5,5,5,1,1,3,3,1,False,True,False,True,False,False,True,True,True,ADHD
412,2022-05-12 19:40,24,Male,Single,University Student,University,Yes,"Facebook, Instagram, YouTube, Discord, Reddit",More than 5 hours,3,4,4,4,3,3,2,3,1,3,3,3,False,True,False,False,False,True,True,True,True,ADHD
413,2022-05-12 19:41,21,Female,In a relationship,University Student,University,Yes,"Facebook, Instagram, YouTube, Snapchat",Between 3 and 4 hours,5,3,3,5,5,5,5,3,1,5,4,5,False,True,False,False,True,False,True,True,False,ADHD
414,2022-05-12 19:47,17,Male,Single,School Student,School,Yes,"Facebook, Instagram, YouTube, Discord",More than 5 hours,2,4,3,5,5,5,3,2,1,5,4,5,False,True,False,False,False,True,True,True,False,ADHD
415,2022-05-12 19:51,26,Female,In a relationship,University Student,University,Yes,Facebook,Between 4 and 5 hours,4,4,2,4,3,4,3,3,2,4,3,4,False,True,False,False,False,False,False,False,False,ADHD
417,2022-05-12 20:13,18,Female,Single,School Student,"School, N/A",Yes,"Facebook, Instagram, YouTube, Discord",Between 3 and 4 hours,2,1,1,3,3,2,1,3,1,2,2,2,False,True,False,False,False,True,True,True,False,Anxiety
418,2022-05-12 20:17,18,Female,In a relationship,School Student,School,Yes,"Facebook, Instagram, YouTube, Snapchat, Reddit, Pinterest, TikTok",Between 3 and 4 hours,5,3,4,3,4,4,1,3,1,3,5,5,True,True,False,True,True,False,True,True,True,ADHD
419,2022-05-12 21:00,23,Male,Single,University Student,University,Yes,"Facebook, Instagram, YouTube, Snapchat, Discord",Between 3 and 4 hours,3,4,2,4,5,4,2,3,2,4,3,3,False,True,False,False,True,True,True,True,False,ADHD
420,2022-05-12 21:06,20,Male,Single,University Student,University,Yes,"Facebook, Instagram, YouTube, Snapchat, Discord",Between 1 and 2 hours,4,5,3,5,2,5,1,2,3,3,2,1,False,True,False,False,True,True,True,True,False,ADHD
421,2022-05-12 21:10,23,Male,Single,University Student,University,Yes,"Facebook, Instagram, YouTube, Snapchat, Discord",More than 5 hours,4,4,3,4,5,4,4,3,2,3,3,5,False,True,False,False,True,True,True,True,False,ADHD
422,2022-05-12 21:13,25,Male,In a relationship,University Student,University,Yes,"Facebook, Twitter, Instagram, YouTube, Discord, Reddit, Pinterest",Less than an Hour,2,2,3,2,3,3,3,4,3,2,2,4,False,True,True,True,False,True,True,True,True,Anxiety
424,2022-05-12 21:31,20,Male,In a relationship,University Student,"School, University",Yes,"Facebook, Twitter, Instagram, YouTube, Snapchat, Discord, TikTok",More than 5 hours,4,5,3,4,5,4,5,2,4,4,4,5,True,True,True,False,True,True,True,True,False,ADHD
426,2022-05-12 21:45,17,Female,Single,School Student,Unknown,Yes,"Facebook, Instagram, YouTube, Pinterest",Between 2 and 3 hours,4,1,3,2,5,4,5,5,1,4,4,1,False,True,False,True,False,False,True,True,False,ADHD
427,2022-05-12 21:53,24,Female,Married,University Student,University,Yes,"Facebook, Instagram, YouTube, Snapchat",Between 3 and 4 hours,4,3,5,3,3,5,4,2,3,3,3,3,False,True,False,False,True,False,True,True,False,ADHD
428,2022-05-12 23:01,29,Female,Married,Salaried Worker,Company,Yes,"Facebook, Instagram, YouTube, Pinterest",More than 5 hours,5,5,5,4,5,4,3,3,4,4,4,3,False,True,False,True,False,False,True,True,False,ADHD
429,2022-05-12 23:13,30,Female,Married,Retired,Unknown,Yes,"Facebook, Instagram, YouTube",Between 3 and 4 hours,1,5,1,2,3,3,2,4,3,3,3,2,False,True,False,False,False,False,True,True,False,ADHD
430,2022-05-12 23:56,21,Female,Single,University Student,University,Yes,"Facebook, Twitter, Instagram, YouTube, Snapchat, Discord, TikTok",Between 3 and 4 hours,4,5,4,4,5,5,5,1,3,5,4,4,True,True,True,False,True,True,True,True,False,ADHD
431,2022-05-13 0:15,23,Male,Single,University Student,University,Yes,"Facebook, Instagram, YouTube, Snapchat, Discord, Reddit, Pinterest",More than 5 hours,4,3,2,4,4,4,3,3,3,5,5,5,False,True,False,True,True,True,True,True,True,ADHD
433,2022-05-13 0:27,20,Female,Single,University Student,University,Yes,"Facebook, Instagram, YouTube, Discord",More than 5 hours,3,5,3,5,5,5,5,5,5,5,5,5,False,True,False,False,False,True,True,True,False,ADHD
434,2022-05-13 1:06,21,Male,Single,University Student,University,Yes,"Facebook, Twitter, Instagram, YouTube, Snapchat, Discord, Reddit",Between 4 and 5 hours,4,3,2,5,5,4,5,1,3,5,5,5,False,True,True,False,True,True,True,True,True,ADHD
435,2022-05-13 1:16,22,Female,Single,University Student,University,Yes,YouTube,Between 4 and 5 hours,3,1,2,3,4,2,2,1,1,4,3,5,False,False,False,False,False,False,False,True,False,ADHD
436,2022-05-13 1:20,22,Female,Single,University Student,University,Yes,"Facebook, Instagram",Between 2 and 3 hours,3,2,2,2,5,3,5,2,5,3,3,5,False,True,False,False,False,False,True,False,False,ADHD
437,2022-05-13 1:25,22,Female,In a relationship,University Student,University,Yes,"Facebook, Instagram, Snapchat",More than 5 hours,1,5,2,3,5,2,1,2,2,3,3,4,False,True,False,False,True,False,True,False,False,ADHD
438,2022-05-13 1:27,27,Female,In a relationship,Salaried Worker,Private,Yes,"Facebook, Instagram, YouTube, Reddit, TikTok",Between 4 and 5 hours,4,3,3,4,3,3,4,2,4,2,1,2,True,True,False,False,False,False,True,True,True,ADHD
439,2022-05-13 1:30,21,Male,Single,University Student,University,Yes,"Facebook, Instagram, YouTube",More than 5 hours,5,4,2,2,2,3,2,3,1,2,2,5,False,True,False,False,False,False,True,True,False,ADHD
440,2022-05-13 1:46,23,Male,In a relationship,University Student,University,Yes,"Facebook, Instagram, YouTube, Snapchat, Discord, Reddit, TikTok",Between 4 and 5 hours,4,3,2,4,4,3,4,4,4,4,3,4,True,True,False,False,True,True,True,True,True,ADHD
441,2022-05-13 1:50,22,Male,In a relationship,University Student,University,Yes,"Facebook, Instagram, YouTube, Discord",Between 3 and 4 hours,4,4,5,4,2,4,3,3,4,2,3,4,False,True,False,False,False,True,True,True,False,ADHD
442,2022-05-13 3:51,21,Female,In a relationship,University Student,"University, Private",Yes,YouTube,Between 3 and 4 hours,3,4,4,3,3,3,2,5,3,1,3,2,False,False,False,False,False,False,False,True,False,ADHD
443,2022-05-13 4:00,23,Male,Single,University Student,"University, Company",Yes,"Facebook, YouTube, Discord, Reddit",Between 2 and 3 hours,4,2,1,2,3,2,3,3,1,3,2,2,False,True,False,False,False,True,False,True,True,ADHD
444,2022-05-13 10:05,21,Female,Single,University Student,University,Yes,"Facebook, Twitter, Instagram, YouTube, Pinterest",More than 5 hours,4,5,3,4,4,4,3,3,4,4,4,3,False,True,True,True,False,False,True,True,False,ADHD
445,2022-05-13 11:00,20,Male,Single,University Student,"University, Private",Yes,"Facebook, Instagram, YouTube",Between 4 and 5 hours,5,3,2,3,4,2,2,4,3,3,4,3,False,True,False,False,False,False,True,True,False,ADHD
446,2022-05-13 11:12,23,Male,Single,University Student,University,Yes,"Facebook, Instagram, YouTube, Discord, Reddit, Pinterest",Between 1 and 2 hours,2,1,1,2,5,3,3,4,1,3,2,4,False,True,False,True,False,True,True,True,True,Anxiety
448,2022-05-13 14:28,20,Female,In a relationship,University Student,University,Yes,"Facebook, Instagram, YouTube, Snapchat",More than 5 hours,5,3,4,3,5,5,5,1,4,5,5,3,False,True,False,False,True,False,True,True,False,ADHD
449,2022-05-13 16:26,21,Male,Single,University Student,University,Yes,"Facebook, Instagram, YouTube, Snapchat, Discord",Between 3 and 4 hours,4,4,4,4,4,5,4,1,4,4,4,5,False,True,False,False,True,True,True,True,False,ADHD
450,2022-05-13 16:32,25,Female,Single,University Student,University,Yes,"Facebook, Twitter, Instagram, YouTube, Pinterest",Between 2 and 3 hours,3,5,2,2,3,3,1,3,1,2,4,5,False,True,True,True,False,False,True,True,False,ADHD
451,2022-05-13 17:13,21,Female,Single,University Student,University,Yes,"Facebook, Instagram, Discord",Between 3 and 4 hours,2,2,1,4,4,4,2,1,1,2,2,2,False,True,False,False,False,True,True,False,False,Anxiety
452,2022-05-13 17:32,28,Female,Single,University Student,University,Yes,"Facebook, Instagram, YouTube, Discord, Reddit",Between 4 and 5 hours,4,3,1,4,5,4,1,3,1,4,1,5,False,True,False,False,False,True,True,True,True,ADHD
454,2022-05-13 19:48,60,Male,Single,Retired,Unknown,Yes,"Facebook, YouTube",Between 2 and 3 hours,1,2,1,1,1,1,3,3,3,1,1,1,False,True,False,False,False,False,False,True,False,Low Self Esteem
455,2022-05-13 20:50,49,Male,Married,Salaried Worker,School,Yes,"Facebook, YouTube, Pinterest",Less than an Hour,3,4,3,3,4,3,3,3,3,3,2,2,False,True,False,True,False,False,False,True,False,ADHD
457,2022-05-13 22:43,56,Male,Married,Salaried Worker,Company,Yes,"Facebook, Twitter, YouTube, Pinterest",Between 2 and 3 hours,1,1,1,1,1,1,1,1,1,1,1,2,False,True,True,True,False,False,False,True,False,Other
458,2022-05-13 23:36,51,Male,Married,Salaried Worker,Private,Yes,"Facebook, Twitter, Instagram, YouTube",Between 1 and 2 hours,3,2,3,4,2,3,4,3,3,2,2,4,False,True,True,False,False,False,True,True,False,ADHD
459,2022-05-14 0:01,23,Female,Single,School Student,University,Yes,Facebook,Between 2 and 3 hours,3,3,3,3,3,2,2,3,3,4,2,2,False,True,False,False,False,False,False,False,False,ADHD
460,2022-05-14 2:16,21,Female,Single,University Student,University,Yes,"Facebook, YouTube, Discord",Between 4 and 5 hours,3,5,3,3,3,2,3,3,1,2,2,3,False,True,False,False,False,True,False,True,False,ADHD
462,2022-05-14 7:23,22,Female,Single,University Student,University,Yes,"Twitter, Instagram, YouTube",Between 3 and 4 hours,2,2,1,4,5,5,1,4,1,3,5,2,False,False,True,False,False,False,True,True,False,Anxiety
463,2022-05-14 11:26,28,Female,Married,Salaried Worker,Private,Yes,"Facebook, Instagram, YouTube, Pinterest",Between 2 and 3 hours,5,4,1,5,4,5,2,2,2,5,5,2,False,True,False,True,False,False,True,True,False,ADHD
464,2022-05-14 11:44,13,Male,Single,School Student,School,Yes,"Instagram, YouTube, Discord",Between 4 and 5 hours,3,4,1,3,3,1,1,3,1,3,3,4,False,False,False,False,False,True,True,True,False,ADHD
466,2022-05-14 12:12,13,Male,Single,School Student,School,Yes,"Twitter, Instagram, YouTube, Discord, Pinterest",More than 5 hours,4,4,3,4,2,4,2,3,2,2,3,2,False,False,True,True,False,True,True,True,False,ADHD
467,2022-05-14 13:40,23,Male,In a relationship,School Student,"University, Private",Yes,"Facebook, Instagram, YouTube, Discord",Between 4 and 5 hours,2,4,2,3,4,4,1,3,1,3,2,3,False,True,False,False,False,True,True,True,False,ADHD
469,2022-05-14 17:33,18,Male,Single,School Student,"School, N/A",Yes,Pinterest,More than 5 hours,2,3,1,3,5,3,5,1,2,5,2,1,False,False,False,True,False,False,False,False,False,ADHD
470,2022-05-14 17:33,15,Male,Single,School Student,School,Yes,"Instagram, YouTube, Discord, Reddit",Between 4 and 5 hours,1,1,1,3,3,3,3,3,3,1,1,1,False,False,False,False,False,True,True,True,True,Anxiety
472,2022-05-16 20:20,20,Female,Single,University Student,University,Yes,"Facebook, Instagram, YouTube",More than 5 hours,5,4,2,4,5,3,1,3,2,4,3,4,False,True,False,False,False,False,True,True,False,ADHD
474,2022-05-18 2:12,26,Female,Married,University Student,Unknown,Yes,"Facebook, YouTube, TikTok",Between 2 and 3 hours,4,4,3,3,4,4,4,5,3,4,3,4,True,True,False,False,False,False,False,True,False,ADHD
475,2022-05-21 22:19,30,Female,Married,Salaried Worker,University,Yes,"Facebook, Instagram, YouTube",Between 4 and 5 hours,2,4,4,3,4,5,4,2,2,4,2,1,False,True,False,False,False,False,True,True,False,ADHD
478,2022-05-22 0:01,26,Female,Married,Salaried Worker,University,Yes,"Facebook, YouTube",Between 1 and 2 hours,2,1,2,3,4,4,4,2,4,4,4,1,False,True,False,False,False,False,False,True,False,Anxiety
479,2022-05-22 10:29,29,Female,Married,Salaried Worker,University,Yes,"Facebook, YouTube",Between 2 and 3 hours,3,3,4,3,2,3,3,3,4,2,2,2,False,True,False,False,False,False,False,True,False,ADHD
481,2022-11-12 13:16,53,Male,Married,Salaried Worker,Private,Yes,"Facebook, YouTube",Less than an Hour,2,3,1,3,1,1,3,3,2,2,2,3,False,True,False,False,False,False,False,True,False,ADHD
