Id,Id.1,Timestamp,Age,Gender,Relationship_Status,Occupation,Affiliated_Organizations,Social_Media_User,Platforms_Used,Daily_Time_Spent,No_purporse_scrolling_Frequency,Often_Distracted,Restlessness,Distraction_Rate,Worry_level_Rate,Difficulty_in_concentrating,Comparison_Rate,Comparison_Feelings,Seek_Validation,Often_Depressed,Daily_Interest_Rate,Sleep_Issues_Rate,use_tiktok,use_facebook,use_twitter,use_pinterest,use_snapchat,use_discord,use_instagram,use_youtube,use_reddit,Mental_Health_Disorders,hour
2,2,2022-04-18 19:19:28,21,Female,Single,University Student,University,Yes,"Facebook, Twitter, Instagram, YouTube, Discord, Reddit",More than 5 hours,4,3,2,4,5,4,5,1,1,5,4,5,False,True,True,False,False,True,True,True,True,ADHD,19
3,3,2022-04-18 19:25:59,21,Female,Single,University Student,University,Yes,"Facebook, Instagram, YouTube, Pinterest",Between 3 and 4 hours,3,2,1,2,5,4,3,3,1,4,2,5,False,True,False,True,False,False,True,True,False,ADHD,19
4,4,2022-04-18 19:29:43,21,Female,Single,University Student,University,Yes,"Facebook, Instagram",More than 5 hours,4,2,1,3,5,3,5,1,2,4,3,2,False,True,False,False,False,False,True,False,False,ADHD,19
5,5,2022-04-18 19:33:31,21,Female,Single,University Student,University,Yes,"Facebook, Instagram, YouTube",Between 2 and 3 hours,3,5,4,4,5,5,3,3,3,4,4,1,False,True,False,False,False,False,True,True,False,ADHD,19
6,6,2022-04-18 19:33:48,22,Female,Single,University Student,University,Yes,"Facebook, Twitter, Instagram, YouTube, Discord, Pinterest, TikTok",Between 2 and 3 hours,4,4,2,3,4,3,4,4,3,3,2,4,True,True,True,True,False,True,True,True,False,ADHD,19
7,7,2022-04-18 19:36:12,21,Female,Married,University Student,University,Yes,"Facebook, Instagram, YouTube, Snapchat, TikTok",Between 3 and 4 hours,4,3,2,2,4,3,5,3,4,5,5,3,True,True,False,False,True,False,True,True,False,ADHD,19
8,8,2022-04-18 19:36:17,21,Female,In a relationship,University Student,University,Yes,"Facebook, Instagram, YouTube",More than 5 hours,5,2,3,3,3,1,1,3,1,5,5,1,False,True,False,False,False,False,True,True,False,ADHD,19
9,9,2022-04-18 19:39:36,21,Female,In a relationship,University Student,University,Yes,"Facebook, Instagram, YouTube",More than 5 hours,5,2,3,3,1,1,1,3,1,5,5,1,False,True,False,False,False,False,True,True,False,ADHD,19
11,11,2022-04-18 19:44:06,24,Male,Single,University Student,University,Yes,"Facebook, Instagram, YouTube, Discord",Between 2 and 3 hours,5,5,2,4,3,5,4,2,3,5,4,5,False,True,False,False,False,True,True,True,False,ADHD,19
13,13,2022-04-18 19:56:24,22,Female,Single,University Student,University,Yes,"Facebook, Twitter, Instagram, YouTube, Snapchat, Discord, Reddit, Pinterest",Between 3 and 4 hours,3,4,2,4,4,2,4,2,1,3,1,5,False,True,True,True,True,True,True,True,True,ADHD,19
14,14,2022-04-18 19:57:04,21,Female,Single,University Student,University,Yes,"Facebook, Twitter, Instagram, YouTube, Snapchat, Reddit, Pinterest",Between 3 and 4 hours,5,3,2,1,4,4,2,3,2,3,3,3,False,True,True,True,True,False,True,True,True,ADHD,19
15,15,2022-04-18 19:59:08,22,Male,Single,University Student,University,Yes,"Facebook, YouTube, Pinterest",More than 5 hours,5,5,5,5,5,5,5,5,5,5,5,5,False,True,False,True,False,False,False,True,False,ADHD,19
17,17,2022-04-18 20:15:38,21,Male,Single,University Student,University,Yes,"Facebook, YouTube, Discord",Less than an Hour,2,2,1,2,4,2,1,3,1,4,1,3,False,True,False,False,False,True,False,True,False,Anxiety,20
18,18,2022-04-18 20:21:09,25,Male,Single,School Student,Unknown,Yes,"Facebook, Instagram, YouTube, Reddit",Between 4 and 5 hours,5,5,4,4,3,3,1,4,2,2,2,2,False,True,False,False,False,False,True,True,True,ADHD,20
21,21,2022-04-18 20:31:53,22,Male,In a relationship,University Student,"School, University",Yes,"Facebook, Instagram, YouTube, Discord, Reddit",Between 2 and 3 hours,4,2,2,3,3,2,2,2,1,2,3,2,False,True,False,False,False,True,True,True,True,ADHD,20
22,22,2022-04-18 20:32:59,23,Male,Single,University Student,University,Yes,"Facebook, Twitter, Instagram, YouTube, Discord, Reddit, TikTok",More than 5 hours,3,2,4,2,4,2,5,2,1,3,3,1,True,True,True,False,False,True,True,True,True,ADHD,20
23,23,2022-04-18 20:33:36,26,Female,Single,University Student,University,Yes,"Facebook, Instagram, YouTube, Pinterest",Between 3 and 4 hours,3,4,3,3,4,4,4,3,3,4,4,4,False,True,False,True,False,False,True,True,False,ADHD,20
24,24,2022-04-18 20:35:50,23,Female,Married,University Student,University,Yes,"Facebook, Instagram, YouTube, Snapchat, Pinterest",Between 1 and 2 hours,3,2,2,4,4,3,3,2,3,4,4,1,False,True,False,True,True,False,True,True,False,ADHD,20
25,25,2022-04-18 20:36:42,23,Male,Single,University Student,Unknown,Yes,"Facebook, Twitter, YouTube, Discord",Between 3 and 4 hours,3,3,5,5,5,5,4,1,3,3,5,5,False,True,True,False,False,True,False,True,False,ADHD,20
27,27,2022-04-18 20:38:08,20,Male,Single,University Student,University,Yes,"Facebook, Instagram, YouTube, Discord",Between 3 and 4 hours,4,4,3,3,3,4,2,3,3,4,3,4,False,True,False,False,False,True,True,True,False,ADHD,20
28,28,2022-04-18 20:40:47,35,Male,Married,Salaried Worker,Company,Yes,"Facebook, Twitter, Instagram, YouTube",Between 2 and 3 hours,2,4,4,4,4,4,4,4,4,4,4,5,False,True,True,False,False,False,True,True,False,ADHD,20
29,29,2022-04-18 20:42:23,22,Female,In a relationship,University Student,University,Yes,"Facebook, Instagram, YouTube, Snapchat, Discord, Pinterest, TikTok",Between 4 and 5 hours,3,4,3,4,5,4,4,3,2,4,4,1,True,True,False,True,True,True,True,True,False,ADHD,20
30,30,2022-04-18 20:45:33,21,Female,Single,University Student,University,Yes,"Facebook, Instagram, YouTube, Snapchat, Discord",Between 3 and 4 hours,4,4,5,5,5,4,4,4,3,5,4,1,False,True,False,False,True,True,True,True,False,ADHD,20
32,32,2022-04-18 20:50:39,35,Male,Married,Salaried Worker,Private,Yes,"Facebook, YouTube, Pinterest",Between 2 and 3 hours,3,4,3,3,3,2,2,2,2,3,4,2,False,True,False,True,False,False,False,True,False,ADHD,20
33,33,2022-04-18 20:52:05,24,Male,Single,Salaried Worker,Private,Yes,"Facebook, Instagram, YouTube, TikTok",Between 2 and 3 hours,3,3,3,3,3,4,2,3,3,2,3,3,True,True,False,False,False,False,True,True,False,ADHD,20
35,35,2022-04-18 20:54:50,19,Female,Single,University Student,University,Yes,"Facebook, Instagram, YouTube, Discord",Between 3 and 4 hours,5,5,5,5,5,5,2,3,1,5,4,4,False,True,False,False,False,True,True,True,False,ADHD,20
36,36,2022-04-18 20:55:44,21,Others,Single,University Student,University,Yes,"Facebook, Twitter, Instagram, YouTube, Discord",More than 5 hours,3,4,5,4,4,5,1,3,1,4,2,1,False,True,True,False,False,True,True,True,False,ADHD,20
37,37,2022-04-18 20:55:48,21,Male,Single,University Student,University,Yes,"Facebook, Instagram",Between 3 and 4 hours,5,3,4,3,2,3,5,3,4,3,3,1,False,True,False,False,False,False,True,False,False,ADHD,20
38,38,2022-04-18 21:02:52,23,Male,Single,University Student,University,Yes,"Facebook, Twitter, Instagram, YouTube, Snapchat, Discord, Reddit",Less than an Hour,2,3,1,1,1,3,1,3,1,5,4,5,False,True,True,False,True,True,True,True,True,ADHD,21
39,39,2022-04-18 21:22:13,22,Female,Single,University Student,University,Yes,"Facebook, Instagram, YouTube, Snapchat, Pinterest",Between 3 and 4 hours,4,5,5,4,4,4,2,3,3,2,2,5,False,True,False,True,True,False,True,True,False,ADHD,21
41,41,2022-04-18 21:32:37,21,Female,Single,University Student,University,Yes,"Facebook, Instagram, YouTube, Snapchat",Between 1 and 2 hours,1,1,1,1,1,1,2,1,2,3,3,1,False,True,False,False,True,False,True,True,False,Depression,21
42,42,2022-04-18 21:42:54,21,Female,Single,University Student,University,Yes,"Facebook, Instagram, YouTube, Snapchat",Between 3 and 4 hours,3,5,2,3,3,3,3,4,2,4,2,2,False,True,False,False,True,False,True,True,False,ADHD,21
43,43,2022-04-18 21:48:07,56,Female,Married,Retired,Unknown,Yes,YouTube,Between 1 and 2 hours,1,1,1,1,3,1,1,3,1,2,3,1,False,False,False,False,False,False,False,True,False,Anxiety,21
44,44,2022-04-18 21:48:34,19,Female,Single,School Student,"School, University",Yes,"Facebook, Instagram, YouTube, Snapchat, Pinterest",More than 5 hours,3,2,4,4,5,4,5,2,1,5,4,2,False,True,False,True,True,False,True,True,False,ADHD,21
45,45,2022-04-18 21:49:19,24,Male,Single,Salaried Worker,Private,Yes,"Twitter, Discord, Reddit",More than 5 hours,5,1,1,3,3,3,1,3,3,3,3,3,False,False,True,False,False,True,False,False,True,ADHD,21
46,46,2022-04-18 21:50:33,22,Female,In a relationship,University Student,University,Yes,"Facebook, Instagram, YouTube",More than 5 hours,4,5,4,4,5,2,3,3,3,3,2,3,False,True,False,False,False,False,True,True,False,ADHD,21
47,47,2022-04-18 21:55:35,65,Male,Married,Retired,Goverment,Yes,"Facebook, YouTube",Between 3 and 4 hours,5,3,2,2,2,1,3,4,3,1,3,2,False,True,False,False,False,False,False,True,False,ADHD,21
48,48,2022-04-18 22:00:21,17,Female,Single,School Student,Unknown,Yes,"Instagram, YouTube, Reddit, Pinterest",Between 3 and 4 hours,4,3,1,3,5,3,4,2,1,3,5,1,False,False,False,True,False,False,True,True,True,ADHD,22
49,49,2022-04-18 22:04:59,40,Male,Married,Salaried Worker,"Company, Private",Yes,"Twitter, YouTube, Reddit",Between 2 and 3 hours,3,3,3,3,2,3,2,3,1,2,2,1,False,False,True,False,False,False,False,True,True,ADHD,22
50,50,2022-04-18 22:07:08,33,Female,Single,Salaried Worker,School,Yes,"Facebook, YouTube",Between 3 and 4 hours,3,3,1,3,2,1,2,2,1,1,1,1,False,True,False,False,False,False,False,True,False,ADHD,22
51,51,2022-04-18 22:11:57,22,Female,Single,University Student,University,Yes,"Facebook, Twitter, Instagram, YouTube, Snapchat, Discord, Reddit, Pinterest, TikTok",Between 3 and 4 hours,4,4,3,4,3,2,1,3,3,3,4,4,True,True,True,True,True,True,True,True,True,ADHD,22
52,52,2022-04-18 22:20:42,24,Male,Single,Salaried Worker,Company,Yes,"YouTube, Snapchat, Discord",More than 5 hours,5,5,5,5,4,5,2,2,1,3,5,1,False,False,False,False,True,True,False,True,False,ADHD,22
53,53,2022-04-18 22:23:35,26,Male,Single,University Student,University,Yes,Facebook,Less than an Hour,3,5,3,5,5,5,5,5,5,5,5,5,False,True,False,False,False,False,False,False,False,ADHD,22
54,54,2022-04-18 22:30:15,55,Male,Married,Salaried Worker,Private,Yes,"Discord, Reddit",Between 1 and 2 hours,3,2,1,3,2,1,1,3,1,1,2,1,False,False,False,False,False,True,False,False,True,ADHD,22
55,55,2022-04-18 22:35:53,26,Male,In a relationship,Salaried Worker,Company,No,"YouTube, Discord, Reddit",Between 1 and 2 hours,4,1,1,2,2,1,1,3,1,1,3,2,False,False,False,False,False,True,False,True,True,ADHD,22
58,58,2022-04-18 22:43:04,19,Female,Single,School Student,School,Yes,"Facebook, Instagram, YouTube, Discord, Pinterest",Between 2 and 3 hours,3,2,2,2,4,3,3,3,2,4,4,5,False,True,False,True,False,True,True,True,False,ADHD,22
59,59,2022-04-18 22:51:44,22,Female,Married,University Student,University,Yes,"Facebook, Twitter, Instagram, YouTube, Snapchat, Discord, Reddit, Pinterest, TikTok",Between 2 and 3 hours,4,5,2,4,4,4,3,3,4,5,4,2,True,True,True,True,True,True,True,True,True,ADHD,22
60,60,2022-04-18 23:00:23,20,Female,Married,University Student,University,Yes,"Instagram, Reddit",Between 1 and 2 hours,1,1,1,2,2,2,1,3,1,1,3,5,False,False,False,False,False,False,True,False,True,Depression,23
61,61,2022-04-18 23:05:21,25,Female,Single,University Student,University,Yes,"Facebook, Twitter, Instagram, YouTube, Discord",More than 5 hours,4,3,3,4,4,4,2,2,2,4,3,4,False,True,True,False,False,True,True,True,False,ADHD,23
62,62,2022-04-18 23:11:49,25,Female,Married,University Student,University,Yes,"YouTube, Reddit",Between 1 and 2 hours,2,2,1,3,5,4,5,2,4,4,5,4,False,False,False,False,False,False,False,True,True,Anxiety,23
63,63,2022-04-18 23:12:03,18,Female,Single,University Student,University,Yes,"Facebook, Instagram, YouTube, Pinterest",More than 5 hours,4,4,3,5,4,3,1,3,1,5,4,5,False,True,False,True,False,False,True,True,False,ADHD,23
65,65,2022-04-18 23:23:52,19,Female,Single,University Student,Unknown,Yes,"Discord, Reddit",Between 2 and 3 hours,2,3,1,5,3,5,1,3,1,1,5,4,False,False,False,False,False,True,False,False,True,ADHD,23
66,66,2022-04-18 23:38:02,24,Male,In a relationship,School Student,University,Yes,"YouTube, Discord, Reddit",Between 1 and 2 hours,3,2,4,3,2,2,1,3,2,2,4,4,False,False,False,False,False,True,False,True,True,ADHD,23
67,67,2022-04-18 23:45:43,21,Male,In a relationship,University Student,University,Yes,"Facebook, Instagram, Reddit, TikTok",Between 3 and 4 hours,5,5,5,5,5,5,5,2,4,4,4,1,True,True,False,False,False,False,True,False,True,ADHD,23
68,68,2022-04-19 00:10:02,18,Others,Single,School Student,School,Yes,"Twitter, Instagram, YouTube, Reddit, TikTok",Between 2 and 3 hours,2,1,2,3,5,3,2,3,2,4,2,4,True,False,True,False,False,False,True,True,True,Anxiety,0
70,70,2022-04-19 00:15:22,25,Male,Single,University Student,University,Yes,"YouTube, Snapchat, Discord, Reddit",Between 3 and 4 hours,4,4,3,3,3,2,3,2,2,3,4,4,False,False,False,False,True,True,False,True,True,ADHD,0
72,72,2022-04-19 00:24:52,23,Male,Single,School Student,"University, Company",Yes,"Instagram, YouTube, Discord, Reddit",Between 2 and 3 hours,5,5,5,5,5,5,5,5,5,5,5,5,False,False,False,False,False,True,True,True,True,ADHD,0
75,75,2022-04-19 01:16:34,23,Female,Single,Retired,Unknown,Yes,"Facebook, YouTube, Discord, Reddit",Between 4 and 5 hours,4,4,3,3,4,5,3,2,4,5,5,4,False,True,False,False,False,True,False,True,True,ADHD,1
81,81,2022-04-19 02:58:24,22,Male,Single,University Student,Unknown,Yes,"Twitter, Instagram, YouTube, Snapchat, Discord, Reddit",Between 2 and 3 hours,4,4,4,5,5,5,3,3,1,4,4,5,False,False,True,False,True,True,True,True,True,ADHD,2
82,82,2022-04-19 03:40:47,21,Male,Single,University Student,University,Yes,"Facebook, Instagram, YouTube, Snapchat, Discord, Reddit, Pinterest",More than 5 hours,4,4,2,5,4,4,3,3,2,1,5,4,False,True,False,True,True,True,True,True,True,ADHD,3
84,84,2022-04-19 05:20:55,21,Female,In a relationship,University Student,"University, Company, Private",Yes,"Facebook, Instagram, YouTube, Pinterest",Between 4 and 5 hours,3,5,5,5,3,5,4,4,3,4,5,5,False,True,False,True,False,False,True,True,False,ADHD,5
85,85,2022-04-19 06:31:10,17,Male,Single,School Student,School,Yes,"Facebook, Twitter, Instagram, YouTube, Reddit",Between 2 and 3 hours,4,4,3,4,5,4,3,2,4,2,4,2,False,True,True,False,False,False,True,True,True,ADHD,6
86,86,2022-04-19 07:10:09,24,Others,Single,Salaried Worker,Unknown,Yes,"YouTube, Reddit",Between 2 and 3 hours,4,3,2,3,5,2,3,2,2,4,3,1,False,False,False,False,False,False,False,True,True,ADHD,7
87,87,2022-04-19 08:27:50,22,Female,In a relationship,University Student,University,Yes,"Facebook, YouTube",Between 1 and 2 hours,3,4,3,4,1,3,1,2,2,2,4,4,False,True,False,False,False,False,False,True,False,ADHD,8
88,88,2022-04-19 08:36:53,32,Female,Married,Salaried Worker,Company,Yes,Reddit,Between 1 and 2 hours,4,3,2,5,2,5,2,4,1,1,2,1,False,False,False,False,False,False,False,False,True,ADHD,8
89,89,2022-04-19 08:38:23,22,Male,Single,University Student,University,Yes,"Facebook, YouTube",Between 2 and 3 hours,5,4,2,2,1,3,1,3,5,3,2,2,False,True,False,False,False,False,False,True,False,ADHD,8
90,90,2022-04-19 09:17:32,20,Female,In a relationship,University Student,University,Yes,"Facebook, Instagram, YouTube, Snapchat, Pinterest",Between 2 and 3 hours,4,5,4,5,5,5,4,2,4,5,5,4,False,True,False,True,True,False,True,True,False,ADHD,9
92,92,2022-04-19 09:53:04,28,Female,Single,University Student,University,Yes,"Facebook, YouTube",Between 3 and 4 hours,4,5,4,5,5,5,2,3,2,4,5,2,False,True,False,False,False,False,False,True,False,ADHD,9
93,93,2022-04-19 09:57:28,22,Female,Single,University Student,University,Yes,"Facebook, Twitter, Instagram, YouTube, Snapchat",More than 5 hours,4,3,3,4,5,4,1,3,2,4,2,1,False,True,True,False,True,False,True,True,False,ADHD,9
95,95,2022-04-19 10:25:50,30,Female,Single,Salaried Worker,University,Yes,Instagram,Between 4 and 5 hours,4,5,3,2,4,4,3,3,3,4,4,4,False,False,False,False,False,False,True,False,False,ADHD,10
96,96,2022-04-19 10:59:42,22,Male,Single,University Student,University,Yes,"Facebook, Instagram, YouTube, Snapchat, Discord",More than 5 hours,5,5,1,3,2,5,2,1,1,3,1,5,False,True,False,False,True,True,True,True,False,ADHD,10
97,97,2022-04-19 13:52:52,14,Male,Single,School Student,School,Yes,"Instagram, YouTube, Discord",Between 4 and 5 hours,5,5,2,4,2,3,1,3,1,1,3,5,False,False,False,False,False,True,True,True,False,ADHD,13
98,98,2022-04-19 14:08:55,20,Male,Single,School Student,Unknown,Yes,"YouTube, Reddit",More than 5 hours,4,2,1,2,1,1,2,2,1,4,3,2,False,False,False,False,False,False,False,True,True,ADHD,14
99,99,2022-04-19 14:21:22,22,Female,Single,School Student,University,Yes,"Facebook, Instagram, YouTube, Pinterest",More than 5 hours,4,4,4,4,4,5,5,3,4,5,5,3,False,True,False,True,False,False,True,True,False,ADHD,14
100,100,2022-04-19 14:45:58,16,Male,Single,School Student,School,Yes,"Facebook, Instagram, YouTube, Snapchat, Discord, TikTok",Between 4 and 5 hours,4,5,2,5,3,4,3,1,4,2,1,3,True,True,False,False,True,True,True,True,False,ADHD,14
101,101,2022-04-19 16:36:16,22,Female,In a relationship,University Student,"University, Company",Yes,"Facebook, Twitter, Instagram, YouTube",Between 2 and 3 hours,3,4,3,4,4,3,2,2,3,3,2,3,False,True,True,False,False,False,True,True,False,ADHD,16
103,103,2022-04-19 19:30:11,22,Male,Single,University Student,University,Yes,Instagram,Between 3 and 4 hours,3,4,3,3,4,3,2,3,3,4,3,3,False,False,False,False,False,False,True,False,False,ADHD,19
104,104,2022-04-19 19:31:05,22,Male,Single,University Student,University,Yes,"Facebook, Twitter, Instagram, YouTube, Snapchat, Pinterest",Between 1 and 2 hours,4,3,4,3,5,5,3,3,4,3,5,5,False,True,True,True,True,False,True,True,False,ADHD,19
106,106,2022-04-19 19:40:58,23,Female,Single,University Student,University,Yes,"Facebook, YouTube",Between 4 and 5 hours,2,3,4,3,3,3,3,4,3,2,4,5,False,True,False,False,False,False,False,True,False,ADHD,19
107,107,2022-04-19 20:10:46,23,Female,Single,University Student,University,Yes,"Facebook, Instagram, TikTok",Between 2 and 3 hours,3,2,2,4,2,2,1,3,3,3,4,5,True,True,False,False,False,False,True,False,False,ADHD,20
108,108,2022-04-19 20:13:21,48,Female,Married,Salaried Worker,School,Yes,"Facebook, YouTube",Between 1 and 2 hours,1,1,1,1,3,2,1,3,2,1,1,1,False,True,False,False,False,False,False,True,False,Anxiety,20
109,109,2022-04-19 20:16:27,21,Female,In a relationship,University Student,Unknown,Yes,"Facebook, Instagram, YouTube, Snapchat",Between 3 and 4 hours,3,2,1,3,2,3,2,1,3,2,2,5,False,True,False,False,True,False,True,True,False,ADHD,20
110,110,2022-04-19 20:20:18,47,Female,Married,Salaried Worker,Goverment,Yes,"Facebook, Instagram, YouTube, Pinterest",Between 2 and 3 hours,4,3,3,3,2,2,2,3,3,3,3,3,False,True,False,True,False,False,True,True,False,ADHD,20
111,111,2022-04-19 20:24:28,48,Male,Married,Salaried Worker,Private,Yes,"Facebook, Instagram, YouTube",Between 2 and 3 hours,3,3,4,4,4,4,4,3,3,2,3,3,False,True,False,False,False,False,True,True,False,ADHD,20
112,112,2022-04-19 20:31:06,26,Female,Single,Salaried Worker,Private,Yes,"Facebook, Instagram, YouTube, Pinterest",More than 5 hours,4,5,4,4,5,3,5,4,3,4,2,3,False,True,False,True,False,False,True,True,False,ADHD,20
113,113,2022-04-19 20:39:17,47,Male,Married,Salaried Worker,Company,Yes,"Facebook, YouTube",Between 2 and 3 hours,4,3,4,4,3,3,2,3,1,2,2,4,False,True,False,False,False,False,False,True,False,ADHD,20
115,115,2022-04-19 20:45:14,27,Female,Single,Salaried Worker,School,Yes,"Facebook, Instagram, YouTube, Snapchat",More than 5 hours,2,5,4,4,3,2,5,1,4,4,4,1,False,True,False,False,True,False,True,True,False,ADHD,20
116,116,2022-04-19 20:52:58,34,Female,Married,Salaried Worker,School,Yes,Facebook,More than 5 hours,5,5,4,5,3,1,3,3,3,2,5,4,False,True,False,False,False,False,False,False,False,ADHD,20
117,117,2022-04-19 21:02:46,20,Female,Single,University Student,University,Yes,"Facebook, Instagram",Between 2 and 3 hours,5,5,5,5,5,5,3,1,1,3,3,5,False,True,False,False,False,False,True,False,False,ADHD,21
119,119,2022-04-19 21:10:27,23,Female,In a relationship,University Student,University,Yes,"Facebook, Instagram, YouTube, Snapchat, Discord, TikTok",More than 5 hours,5,5,5,5,5,4,5,5,4,5,4,5,True,True,False,False,True,True,True,True,False,ADHD,21
120,120,2022-04-19 21:10:51,20,Male,Single,University Student,University,Yes,"Facebook, Instagram, YouTube",Between 4 and 5 hours,4,5,3,4,3,5,2,3,3,4,4,5,False,True,False,False,False,False,True,True,False,ADHD,21
121,121,2022-04-19 21:12:27,48,Female,Married,Salaried Worker,Private,Yes,"Facebook, Instagram",Less than an Hour,2,4,1,3,2,1,1,3,2,1,1,1,False,True,False,False,False,False,True,False,False,ADHD,21
122,122,2022-04-19 21:12:34,20,Female,Single,University Student,University,Yes,"Facebook, Instagram, YouTube, TikTok",Between 3 and 4 hours,4,3,1,2,4,2,4,2,1,3,3,3,True,True,False,False,False,False,True,True,False,ADHD,21
123,123,2022-04-19 21:15:10,20,Female,Single,University Student,University,Yes,"Facebook, YouTube, Snapchat, Pinterest",Between 4 and 5 hours,4,5,5,5,2,5,2,3,1,5,4,3,False,True,False,True,True,False,False,True,False,ADHD,21
124,124,2022-04-19 21:15:51,22,Female,Single,University Student,University,Yes,"Facebook, Instagram, YouTube, Snapchat",More than 5 hours,4,5,4,5,5,5,3,1,1,4,2,2,False,True,False,False,True,False,True,True,False,ADHD,21
125,125,2022-04-19 21:26:38,22,Female,Single,University Student,"University, N/A",Yes,Instagram,More than 5 hours,5,5,3,3,2,3,4,5,4,1,4,1,False,False,False,False,False,False,True,False,False,ADHD,21
126,126,2022-04-19 21:27:41,20,Female,Single,University Student,Goverment,Yes,"Facebook, Instagram, YouTube, Snapchat",More than 5 hours,4,4,3,5,4,3,2,2,2,4,5,3,False,True,False,False,True,False,True,True,False,ADHD,21
127,127,2022-04-19 21:32:40,24,Male,Single,University Student,University,Yes,"Facebook, Twitter, Instagram, YouTube, Snapchat, Discord",Between 2 and 3 hours,1,1,3,3,4,4,3,3,2,4,4,4,False,True,True,False,True,True,True,True,False,Anxiety,21
128,128,2022-04-19 21:38:30,23,Female,Single,University Student,University,Yes,"Facebook, Instagram, YouTube, Snapchat, Pinterest, TikTok",More than 5 hours,3,2,4,3,5,3,5,1,4,4,2,5,True,True,False,True,True,False,True,True,False,ADHD,21
129,129,2022-04-19 21:47:26,20,Female,Single,University Student,Unknown,Yes,"Facebook, Instagram, YouTube",Between 3 and 4 hours,5,2,1,2,1,1,5,1,1,4,5,3,False,True,False,False,False,False,True,True,False,ADHD,21
130,130,2022-04-19 21:48:13,16,Male,Single,School Student,School,Yes,"Instagram, YouTube, Snapchat, Pinterest",Between 2 and 3 hours,3,1,2,3,3,2,2,4,1,3,3,2,False,False,False,True,True,False,True,True,False,ADHD,21
131,131,2022-04-19 21:50:59,50,Female,Single,Salaried Worker,School,Yes,"Facebook, Instagram, YouTube, Discord, Pinterest",Between 2 and 3 hours,2,1,1,3,3,2,1,4,3,1,1,4,False,True,False,True,False,True,True,True,False,Anxiety,21
132,132,2022-04-19 21:51:39,47,Male,Married,Salaried Worker,Private,Yes,"Facebook, YouTube",Between 1 and 2 hours,4,2,2,3,2,1,4,2,3,3,2,2,False,True,False,False,False,False,False,True,False,ADHD,21
133,133,2022-04-19 21:55:45,24,Male,Single,Salaried Worker,Private,Yes,"Facebook, Twitter, Instagram, YouTube",Between 2 and 3 hours,3,3,2,3,4,3,2,4,2,3,1,4,False,True,True,False,False,False,True,True,False,ADHD,21
134,134,2022-04-19 21:57:38,38,Female,Married,Salaried Worker,School,Yes,Facebook,Less than an Hour,3,2,3,2,2,1,3,1,1,2,1,1,False,True,False,False,False,False,False,False,False,ADHD,21
135,135,2022-04-19 22:04:03,50,Male,Divorced,Salaried Worker,Private,No,"Instagram, YouTube",Between 1 and 2 hours,2,1,1,2,2,2,1,4,1,2,2,1,False,False,False,False,False,False,True,True,False,Other,22
136,136,2022-04-19 22:09:58,49,Male,Married,Retired,Private,Yes,"Facebook, Twitter, Instagram, YouTube, Pinterest",Between 4 and 5 hours,5,5,3,3,4,3,3,3,3,4,4,5,False,True,True,True,False,False,True,True,False,ADHD,22
137,137,2022-04-19 22:19:43,47,Female,Married,Salaried Worker,Goverment,Yes,"Facebook, YouTube, Pinterest",Between 2 and 3 hours,3,3,3,3,3,2,1,3,1,1,1,4,False,True,False,True,False,False,False,True,False,ADHD,22
139,139,2022-04-19 22:23:48,51,Male,Married,Salaried Worker,Private,Yes,"Facebook, Twitter, Instagram, YouTube, Snapchat, Pinterest",Between 1 and 2 hours,4,3,2,3,3,4,3,3,3,3,3,3,False,True,True,True,True,False,True,True,False,ADHD,22
140,140,2022-04-19 22:31:52,50,Male,Married,Salaried Worker,Company,Yes,"Facebook, Twitter, Instagram, YouTube",Between 3 and 4 hours,4,3,4,5,5,4,3,4,3,4,4,2,False,True,True,False,False,False,True,True,False,ADHD,22
141,141,2022-04-19 22:39:43,47,Female,Married,Salaried Worker,Private,Yes,"Facebook, Twitter, Instagram, YouTube, Pinterest",Between 3 and 4 hours,3,2,2,2,2,2,3,4,1,1,2,1,False,True,True,True,False,False,True,True,False,ADHD,22
142,142,2022-04-19 22:42:36,27,Female,Married,Salaried Worker,Private,Yes,"Facebook, Instagram, YouTube",Between 4 and 5 hours,4,5,2,5,5,5,5,2,3,3,5,4,False,True,False,False,False,False,True,True,False,ADHD,22
143,143,2022-04-19 22:44:02,40,Female,Single,Salaried Worker,Private,Yes,"Facebook, Twitter, Instagram, YouTube",Between 1 and 2 hours,4,2,1,2,4,3,3,3,3,4,3,1,False,True,True,False,False,False,True,True,False,ADHD,22
144,144,2022-04-19 22:45:25,46,Male,Divorced,Salaried Worker,Private,Yes,"Facebook, Twitter, Instagram, YouTube, Snapchat",Less than an Hour,3,1,1,1,2,1,1,3,5,2,2,2,False,True,True,False,True,False,True,True,False,ADHD,22
145,145,2022-04-19 22:49:44,21,Female,Single,University Student,"University, Private",Yes,"Facebook, Instagram, YouTube, Snapchat, Discord",Between 4 and 5 hours,4,3,4,3,3,2,5,2,3,5,5,5,False,True,False,False,True,True,True,True,False,ADHD,22
146,146,2022-04-19 22:50:36,47,Female,Married,Salaried Worker,Private,Yes,Facebook,Between 1 and 2 hours,4,4,3,3,2,2,4,2,3,3,3,3,False,True,False,False,False,False,False,False,False,ADHD,22
147,147,2022-04-19 23:13:52,20,Female,In a relationship,University Student,University,Yes,"Facebook, Twitter, Instagram, YouTube, Snapchat, Discord, Pinterest",More than 5 hours,4,4,3,4,4,4,5,1,4,4,3,4,False,True,True,True,True,True,True,True,False,ADHD,23
148,148,2022-04-19 23:23:50,47,Female,Married,Salaried Worker,University,Yes,"Facebook, Twitter, Instagram, YouTube",Between 1 and 2 hours,3,4,3,4,5,4,2,2,1,2,3,2,False,True,True,False,False,False,True,True,False,ADHD,23
150,150,2022-04-19 23:28:51,49,Male,Married,Salaried Worker,Company,Yes,"Facebook, YouTube",Between 4 and 5 hours,4,3,2,2,2,2,2,4,2,2,2,4,False,True,False,False,False,False,False,True,False,ADHD,23
151,151,2022-04-19 23:38:51,21,Male,In a relationship,University Student,"University, Private",Yes,"Facebook, YouTube, Discord",Between 3 and 4 hours,3,2,1,1,2,2,2,4,3,2,2,2,False,True,False,False,False,True,False,True,False,ADHD,23
152,152,2022-04-19 23:43:46,32,Female,Married,Salaried Worker,School,Yes,"Facebook, Instagram, YouTube, Discord, Pinterest",Between 4 and 5 hours,5,2,4,3,2,1,1,5,1,1,2,5,False,True,False,True,False,True,True,True,False,ADHD,23
153,153,2022-04-19 23:51:19,47,Female,Married,Salaried Worker,University,Yes,"Twitter, Instagram, YouTube",Between 2 and 3 hours,3,1,2,3,2,2,3,3,2,2,2,3,False,False,True,False,False,False,True,True,False,ADHD,23
157,157,2022-04-20 00:24:10,47,Male,Married,Salaried Worker,Company,Yes,Twitter,Less than an Hour,1,1,2,5,3,4,2,3,1,2,4,4,False,False,True,False,False,False,False,False,False,Anxiety,0
158,158,2022-04-20 00:25:32,36,Female,Married,Salaried Worker,School,Yes,YouTube,Between 2 and 3 hours,3,2,1,2,4,4,1,1,1,1,1,4,False,False,False,False,False,False,False,True,False,ADHD,0
159,159,2022-04-20 00:50:06,37,Female,Married,Retired,Private,Yes,"Facebook, Instagram, YouTube",Between 1 and 2 hours,3,1,2,2,1,3,1,2,2,4,2,4,False,True,False,False,False,False,True,True,False,ADHD,0
160,160,2022-04-20 01:10:35,19,Female,In a relationship,School Student,School,Yes,Facebook,Between 4 and 5 hours,5,4,4,3,5,4,2,5,4,4,5,5,False,True,False,False,False,False,False,False,False,ADHD,1
161,161,2022-04-20 01:48:34,30,Male,In a relationship,Salaried Worker,Company,Yes,"Facebook, Instagram, YouTube",Between 1 and 2 hours,4,2,1,2,2,1,4,2,2,2,2,5,False,True,False,False,False,False,True,True,False,ADHD,1
162,162,2022-04-20 02:03:04,48,Male,Married,Salaried Worker,Private,Yes,"Facebook, Twitter, Instagram, YouTube, Snapchat, Discord, Reddit, Pinterest, TikTok",Less than an Hour,3,1,1,1,1,1,5,3,2,1,5,2,True,True,True,True,True,True,True,True,True,ADHD,2
163,163,2022-04-20 02:07:23,48,Female,Married,Retired,Unknown,Yes,"Facebook, Instagram, YouTube, Pinterest, TikTok",More than 5 hours,4,5,5,5,4,5,3,3,2,3,5,4,True,True,False,True,False,False,True,True,False,ADHD,2
164,164,2022-04-20 03:54:33,48,Male,Married,Salaried Worker,Company,Yes,"Twitter, YouTube",Between 3 and 4 hours,3,2,3,3,4,3,2,3,2,3,3,4,False,False,True,False,False,False,False,True,False,ADHD,3
165,165,2022-04-20 04:20:29,47,Male,Married,Salaried Worker,"University, Company",Yes,"Twitter, Instagram, YouTube, Reddit, TikTok",Between 2 and 3 hours,3,2,3,5,5,5,2,5,2,3,2,4,True,False,True,False,False,False,True,True,True,ADHD,4
166,166,2022-04-20 04:42:46,47,Female,Married,Salaried Worker,Company,Yes,"Facebook, Twitter",Less than an Hour,2,2,2,3,2,2,4,3,2,2,2,2,False,True,True,False,False,False,False,False,False,Low Self Esteem,4
167,167,2022-04-20 05:54:28,48,Male,Married,Salaried Worker,Unknown,Yes,"Facebook, YouTube, Pinterest",Less than an Hour,5,1,1,2,2,1,1,1,1,2,1,4,False,True,False,True,False,False,False,True,False,ADHD,5
168,168,2022-04-20 06:15:52,21,Male,Single,University Student,"School, University, Private",Yes,"Facebook, Twitter, Instagram, YouTube, Pinterest",Between 2 and 3 hours,2,4,2,3,2,1,3,5,3,2,1,4,False,True,True,True,False,False,True,True,False,ADHD,6
169,169,2022-04-20 06:28:00,48,Male,Married,Salaried Worker,Private,Yes,"Twitter, YouTube",Between 1 and 2 hours,2,2,1,2,1,1,2,3,1,1,2,2,False,False,True,False,False,False,False,True,False,Other,6
170,170,2022-04-20 07:20:45,21,Male,In a relationship,University Student,University,Yes,"Facebook, Twitter, Instagram, YouTube, Snapchat, Discord",Less than an Hour,2,3,2,4,3,3,2,3,1,2,2,1,False,True,True,False,True,True,True,True,False,ADHD,7
171,171,2022-04-20 07:35:16,20,Male,Single,University Student,University,Yes,"Twitter, Instagram, YouTube, Snapchat, Discord, Reddit, TikTok",More than 5 hours,5,5,5,4,2,4,3,3,1,3,3,4,True,False,True,False,True,True,True,True,True,ADHD,7
172,172,2022-04-20 08:37:47,20,Female,Single,University Student,University,Yes,"Facebook, YouTube",Between 3 and 4 hours,4,5,4,4,5,5,5,2,2,3,4,4,False,True,False,False,False,False,False,True,False,ADHD,8
175,175,2022-04-20 11:43:27,20,Female,In a relationship,University Student,University,Yes,"Instagram, YouTube, Pinterest",Between 4 and 5 hours,4,3,5,5,4,4,5,4,3,4,4,5,False,False,False,True,False,False,True,True,False,ADHD,11
177,177,2022-04-20 13:24:21,35,Female,Divorced,Salaried Worker,School,Yes,"Facebook, YouTube",Less than an Hour,3,2,1,1,1,1,1,3,4,1,1,1,False,True,False,False,False,False,False,True,False,ADHD,13
178,178,2022-04-20 13:24:25,23,Female,Single,University Student,University,Yes,Pinterest,Between 3 and 4 hours,5,3,3,4,3,5,1,3,3,4,3,5,False,False,False,True,False,False,False,False,False,ADHD,13
179,179,2022-04-20 13:43:09,21,Female,Single,University Student,University,Yes,"Facebook, Twitter, Instagram, YouTube, Snapchat, Pinterest",Between 4 and 5 hours,3,5,4,5,5,4,3,2,1,3,5,5,False,True,True,True,True,False,True,True,False,ADHD,13
180,180,2022-04-20 14:41:02,21,Female,In a relationship,University Student,University,Yes,"Facebook, Instagram, YouTube, Pinterest",Between 2 and 3 hours,3,2,5,2,4,1,3,2,4,4,2,1,False,True,False,True,False,False,True,True,False,ADHD,14
182,182,2022-04-20 16:37:53,48,Male,Married,Salaried Worker,Company,Yes,"Facebook, Twitter, Instagram, YouTube",Between 1 and 2 hours,4,2,2,3,2,2,2,3,3,3,3,4,False,True,True,False,False,False,True,True,False,ADHD,16
183,183,2022-04-20 16:44:37,47,Male,Married,Salaried Worker,Goverment,Yes,"Facebook, YouTube, TikTok",Less than an Hour,3,1,1,2,4,2,3,3,2,1,2,3,True,True,False,False,False,False,False,True,False,ADHD,16
184,184,2022-04-20 17:44:50,25,Female,Married,Salaried Worker,Company,Yes,"Facebook, Twitter, Instagram, YouTube, Reddit, Pinterest, TikTok",Between 4 and 5 hours,3,4,5,4,5,4,2,4,4,5,3,2,True,True,True,True,False,False,True,True,True,ADHD,17
185,185,2022-04-20 18:14:32,22,Female,In a relationship,University Student,University,Yes,"Facebook, Twitter, Instagram, YouTube, Snapchat, Discord, Pinterest, TikTok",More than 5 hours,5,5,4,5,4,3,2,3,3,3,4,4,True,True,True,True,True,True,True,True,False,ADHD,18
187,187,2022-04-20 19:28:00,47,Male,Married,Salaried Worker,"Company, Private",Yes,"Instagram, YouTube",Between 1 and 2 hours,4,3,2,4,3,2,2,3,3,3,2,1,False,False,False,False,False,False,True,True,False,ADHD,19
188,188,2022-04-20 21:11:51,47,Female,Single,Salaried Worker,Company,Yes,"Facebook, Twitter, Instagram, YouTube, Pinterest",Between 4 and 5 hours,4,5,2,3,3,1,3,3,1,3,3,1,False,True,True,True,False,False,True,True,False,ADHD,21
189,189,2022-04-20 21:18:36,24,Female,Married,University Student,Private,Yes,"Facebook, Instagram, Pinterest",More than 5 hours,5,3,4,3,4,5,3,3,3,4,3,4,False,True,False,True,False,False,True,False,False,ADHD,21
190,190,2022-04-20 22:01:52,21,Female,In a relationship,University Student,University,Yes,Instagram,Between 2 and 3 hours,5,5,5,5,1,5,2,5,5,2,5,5,False,False,False,False,False,False,True,False,False,ADHD,22
191,191,2022-04-20 22:07:43,22,Female,Single,University Student,University,Yes,"Facebook, YouTube, Discord, Reddit, Pinterest",Between 2 and 3 hours,3,2,2,2,2,2,1,3,3,4,2,1,False,True,False,True,False,True,False,True,True,ADHD,22
192,192,2022-04-20 22:17:29,19,Female,Single,School Student,School,Yes,"Facebook, Instagram, YouTube, Snapchat, Discord, Pinterest, TikTok",Between 2 and 3 hours,3,4,3,3,3,3,3,5,3,4,3,1,True,True,False,True,True,True,True,True,False,ADHD,22
193,193,2022-04-20 22:37:04,21,Female,In a relationship,University Student,University,Yes,"Facebook, Instagram, YouTube, Snapchat",Between 4 and 5 hours,3,3,2,4,2,4,3,2,1,4,4,4,False,True,False,False,True,False,True,True,False,ADHD,22
194,194,2022-04-20 22:50:55,22,Female,In a relationship,University Student,University,Yes,"Facebook, Instagram, YouTube, Snapchat",More than 5 hours,5,3,3,3,5,3,2,3,4,5,3,4,False,True,False,False,True,False,True,True,False,ADHD,22
195,195,2022-04-20 22:53:30,20,Male,Single,University Student,Unknown,Yes,"Facebook, Instagram, YouTube, Snapchat, Discord, TikTok",Between 3 and 4 hours,4,5,4,4,5,4,1,3,4,4,5,5,True,True,False,False,True,True,True,True,False,ADHD,22
196,196,2022-04-20 23:07:20,42,Female,Married,Salaried Worker,School,Yes,"Facebook, Instagram, YouTube, Discord, Pinterest",Between 2 and 3 hours,3,1,1,1,1,1,1,3,1,1,3,1,False,True,False,True,False,True,True,True,False,ADHD,23
197,197,2022-04-20 23:15:45,35,Female,Married,Salaried Worker,School,Yes,Facebook,Between 2 and 3 hours,5,3,2,2,1,3,2,4,1,3,2,2,False,True,False,False,False,False,False,False,False,ADHD,23
198,198,2022-04-20 23:32:12,38,Male,Married,Salaried Worker,University,Yes,"Facebook, Twitter, YouTube, Discord, Reddit",Between 4 and 5 hours,3,3,3,2,3,2,3,4,3,2,2,2,False,True,True,False,False,True,False,True,True,ADHD,23
199,199,2022-04-20 23:45:22,17,Male,Single,School Student,School,Yes,"Facebook, Instagram, YouTube",Less than an Hour,2,2,2,2,2,1,1,2,1,1,1,2,False,True,False,False,False,False,True,True,False,Other,23
200,200,2022-04-20 23:51:18,32,Male,Married,Salaried Worker,"Company, Private",Yes,"Facebook, YouTube, Discord, Reddit",Between 1 and 2 hours,3,1,3,2,2,1,1,3,1,1,2,1,False,True,False,False,False,True,False,True,True,ADHD,23
201,201,2022-04-21 00:36:13,21,Female,Single,University Student,University,Yes,"Facebook, Twitter, Instagram, YouTube, Snapchat, Discord",Between 1 and 2 hours,3,3,2,5,4,5,4,2,2,2,3,2,False,True,True,False,True,True,True,True,False,ADHD,0
202,202,2022-04-21 00:49:07,22,Male,In a relationship,University Student,"University, Private",Yes,"Facebook, Instagram, YouTube, Snapchat, Discord, Reddit",Between 3 and 4 hours,4,2,2,2,4,3,2,4,2,3,2,5,False,True,False,False,True,True,True,True,True,ADHD,0
203,203,2022-04-21 00:59:28,27,Female,Married,University Student,University,Yes,"Facebook, Instagram, YouTube",More than 5 hours,5,5,3,3,3,3,1,3,1,3,3,4,False,True,False,False,False,False,True,True,False,ADHD,0
205,205,2022-04-21 01:39:06,27,Male,Married,Salaried Worker,"University, Company",Yes,"Facebook, Discord, Reddit",More than 5 hours,5,5,5,5,5,5,1,3,1,5,5,5,False,True,False,False,False,True,False,False,True,ADHD,1
206,206,2022-04-21 01:44:22,20,Male,Single,School Student,School,Yes,"Instagram, Discord, Reddit, Pinterest, TikTok",Between 2 and 3 hours,3,2,3,2,3,2,3,2,3,2,1,4,True,False,False,True,False,True,True,False,True,ADHD,1
207,207,2022-04-21 02:29:40,27,Female,Married,Salaried Worker,Private,Yes,"Facebook, Instagram, YouTube",Between 3 and 4 hours,4,4,4,5,4,3,2,2,1,1,3,2,False,True,False,False,False,False,True,True,False,ADHD,2
208,208,2022-04-21 03:27:50,24,Male,Single,University Student,"University, Company",Yes,"Facebook, Instagram, YouTube, Discord",Between 3 and 4 hours,5,5,5,5,1,5,5,4,1,5,5,4,False,True,False,False,False,True,True,True,False,ADHD,3
210,210,2022-04-21 07:09:09,20,Female,Single,University Student,University,Yes,"Twitter, Instagram, YouTube, Snapchat, Discord, Reddit, Pinterest, TikTok",Between 3 and 4 hours,2,1,1,2,5,3,5,4,3,4,3,4,True,False,True,True,True,True,True,True,True,Anxiety,7
211,211,2022-04-21 10:12:51,31,Male,Single,Salaried Worker,School,Yes,"Facebook, Instagram, YouTube, Discord",Between 2 and 3 hours,3,3,3,3,4,3,4,4,4,3,3,2,False,True,False,False,False,True,True,True,False,ADHD,10
213,213,2022-04-21 13:23:38,34,Male,Married,Salaried Worker,Private,Yes,"Facebook, YouTube, TikTok",More than 5 hours,5,3,2,3,3,4,4,4,5,5,5,5,True,True,False,False,False,False,False,True,False,ADHD,13
214,214,2022-04-21 13:36:29,22,Male,Single,University Student,University,Yes,"Facebook, YouTube, Snapchat",Less than an Hour,1,1,1,1,1,1,1,1,1,1,1,1,False,True,False,False,True,False,False,True,False,Other,13
215,215,2022-04-21 13:44:53,20,Female,In a relationship,University Student,Unknown,Yes,Instagram,More than 5 hours,3,3,1,3,5,3,2,3,5,4,5,1,False,False,False,False,False,False,True,False,False,ADHD,13
216,216,2022-04-21 15:26:24,23,Male,In a relationship,University Student,"University, Company",Yes,"Facebook, Twitter, Instagram, YouTube, Discord, Reddit",Between 4 and 5 hours,4,2,1,1,3,1,1,3,1,3,2,1,False,True,True,False,False,True,True,True,True,ADHD,15
217,217,2022-04-21 15:57:19,48,Male,Married,Salaried Worker,Private,Yes,"Facebook, YouTube",Less than an Hour,1,1,1,1,1,1,5,5,3,1,1,1,False,True,False,False,False,False,False,True,False,Low Self Esteem,15
218,218,2022-04-21 17:47:15,37,Male,Married,Salaried Worker,Private,Yes,"Facebook, YouTube",Between 1 and 2 hours,4,4,1,3,4,4,4,4,3,2,3,2,False,True,False,False,False,False,False,True,False,ADHD,17
220,220,2022-04-21 19:35:44,50,Male,Single,Salaried Worker,Unknown,Yes,Facebook,Between 1 and 2 hours,3,2,3,3,3,5,4,5,5,2,4,3,False,True,False,False,False,False,False,False,False,ADHD,19
222,222,2022-04-21 20:31:47,23,Female,Single,University Student,"University, Goverment",Yes,"Facebook, Twitter, Instagram, YouTube, Snapchat, Discord, Pinterest",Between 2 and 3 hours,4,4,1,3,2,2,1,2,1,2,4,1,False,True,True,True,True,True,True,True,False,ADHD,20
224,224,2022-04-21 22:29:45,22,Female,Single,University Student,University,Yes,"Facebook, Twitter, Instagram, YouTube, Snapchat, Discord, Pinterest",Between 3 and 4 hours,3,3,3,3,3,2,2,3,3,3,3,3,False,True,True,True,True,True,True,True,False,ADHD,22
225,225,2022-04-21 23:02:13,22,Female,In a relationship,University Student,University,Yes,Facebook,More than 5 hours,3,1,4,4,3,4,3,4,3,4,4,3,False,True,False,False,False,False,False,False,False,ADHD,23
226,226,2022-04-21 23:02:18,22,Female,In a relationship,University Student,University,Yes,"Facebook, Instagram, YouTube, Snapchat, TikTok",More than 5 hours,2,5,3,3,3,4,5,3,3,2,4,3,True,True,False,False,True,False,True,True,False,ADHD,23
227,227,2022-04-21 23:11:32,19,Female,Single,University Student,University,Yes,"Facebook, Instagram, YouTube, Snapchat, Discord, Pinterest",Between 3 and 4 hours,5,4,5,3,5,4,5,1,5,4,4,3,False,True,False,True,True,True,True,True,False,ADHD,23
228,228,2022-04-22 00:24:31,23,Female,Single,University Student,University,Yes,"Facebook, Instagram, YouTube",Between 2 and 3 hours,5,5,3,5,3,5,1,3,2,2,2,5,False,True,False,False,False,False,True,True,False,ADHD,0
229,229,2022-04-22 02:35:48,46,Male,Married,Salaried Worker,"Company, Private",Yes,"Facebook, YouTube",Less than an Hour,2,1,1,1,1,1,1,2,1,1,3,4,False,True,False,False,False,False,False,True,False,Depression,2
230,230,2022-04-22 08:35:39,21,Male,In a relationship,University Student,University,Yes,"Facebook, Instagram, YouTube",More than 5 hours,4,5,3,4,4,4,3,3,4,4,4,5,False,True,False,False,False,False,True,True,False,ADHD,8
231,231,2022-04-22 11:56:05,24,Female,In a relationship,University Student,University,Yes,"Facebook, Instagram, YouTube, Discord",More than 5 hours,2,3,1,2,4,3,4,4,3,4,1,1,False,True,False,False,False,True,True,True,False,ADHD,11
232,232,2022-04-22 13:31:47,20,Female,Single,University Student,University,Yes,"Facebook, Instagram, YouTube",Less than an Hour,3,1,1,1,2,2,5,1,2,1,3,1,False,True,False,False,False,False,True,True,False,ADHD,13
233,233,2022-04-22 22:00:05,25,Male,Single,University Student,University,Yes,YouTube,Between 1 and 2 hours,5,5,1,1,2,3,4,5,3,5,2,5,False,False,False,False,False,False,False,True,False,ADHD,22
234,234,2022-04-22 22:26:55,21,Female,Single,University Student,"University, Company, Goverment",Yes,"Facebook, YouTube, Discord, Pinterest",Between 3 and 4 hours,2,1,1,2,2,1,1,1,1,1,1,1,False,True,False,True,False,True,False,True,False,Other,22
235,235,2022-04-24 05:23:27,23,Male,In a relationship,University Student,University,Yes,"Facebook, Twitter, Instagram, YouTube, Discord, Reddit, TikTok",More than 5 hours,4,4,3,5,4,4,4,2,1,4,4,3,True,True,True,False,False,True,True,True,True,ADHD,5
236,236,2022-04-26 03:01:10,22,Female,In a relationship,Salaried Worker,Company,Yes,"Instagram, YouTube, Discord, Reddit, TikTok",More than 5 hours,5,4,4,4,4,3,4,4,4,4,5,1,True,False,False,False,False,True,True,True,True,ADHD,3
237,237,2022-04-26 21:59:19,36,Male,Married,Salaried Worker,University,Yes,"Facebook, Instagram, YouTube, Pinterest",Less than an Hour,2,1,1,2,3,1,3,3,1,2,1,1,False,True,False,True,False,False,True,True,False,Anxiety,21
238,238,2022-04-26 22:13:41,22,Female,Single,University Student,University,Yes,"Facebook, Instagram, YouTube, Snapchat, Pinterest, TikTok",Between 2 and 3 hours,5,5,3,5,5,2,3,1,2,5,3,5,True,True,False,True,True,False,True,True,False,ADHD,22
240,240,2022-04-26 23:15:02,25,Female,Single,Salaried Worker,University,Yes,"Facebook, Instagram, YouTube",Between 4 and 5 hours,3,4,2,5,5,1,5,1,5,4,5,5,False,True,False,False,False,False,True,True,False,ADHD,23
241,241,2022-04-26 23:32:48,22,Female,Single,University Student,University,Yes,"Facebook, Twitter, Instagram, YouTube, Snapchat, TikTok",Between 4 and 5 hours,4,2,1,5,4,3,5,1,4,4,4,2,True,True,True,False,True,False,True,True,False,ADHD,23
242,242,2022-04-26 23:56:35,23,Male,Single,University Student,"University, N/A",Yes,"Facebook, Instagram, YouTube, Snapchat, Discord, TikTok",Between 3 and 4 hours,3,4,2,5,5,5,5,4,4,2,3,4,True,True,False,False,True,True,True,True,False,ADHD,23
243,243,2022-04-27 02:12:12,23,Male,Single,University Student,University,Yes,"Facebook, Instagram",Less than an Hour,3,2,1,3,4,3,3,3,2,3,2,5,False,True,False,False,False,False,True,False,False,ADHD,2
244,244,2022-05-11 19:06:27,19,Female,Single,School Student,University,Yes,"Facebook, Instagram, YouTube, Discord",Between 3 and 4 hours,5,3,2,3,5,5,2,3,3,3,5,5,False,True,False,False,False,True,True,True,False,ADHD,19
246,246,2022-05-11 19:09:46,27,Female,In a relationship,Salaried Worker,Private,Yes,"Facebook, Instagram, YouTube, Snapchat",Between 4 and 5 hours,5,5,3,4,4,4,4,2,3,4,4,2,False,True,False,False,True,False,True,True,False,ADHD,19
247,247,2022-05-11 19:16:34,25,Female,Single,University Student,University,Yes,"Facebook, YouTube, Discord",More than 5 hours,4,3,1,2,4,3,4,2,2,4,2,1,False,True,False,False,False,True,False,True,False,ADHD,19
249,249,2022-05-11 19:27:46,34,Female,Married,Salaried Worker,School,Yes,Facebook,Between 1 and 2 hours,2,5,1,1,1,5,2,3,5,1,2,1,False,True,False,False,False,False,False,False,False,ADHD,19
250,250,2022-05-11 19:30:14,23,Female,Single,University Student,University,Yes,"Facebook, Instagram, YouTube, Snapchat, Discord, Pinterest",More than 5 hours,5,5,3,3,5,3,3,4,3,4,5,4,False,True,False,True,True,True,True,True,False,ADHD,19
252,252,2022-05-11 19:35:33,26,Female,Single,Salaried Worker,Unknown,Yes,"Facebook, Instagram, YouTube, Discord, Pinterest, TikTok",Between 4 and 5 hours,5,5,3,5,5,5,3,3,3,5,4,4,True,True,False,True,False,True,True,True,False,ADHD,19
253,253,2022-05-11 19:45:08,25,Male,Single,University Student,University,Yes,"Facebook, Twitter, Instagram, YouTube, Snapchat, Discord, Pinterest, TikTok",Between 4 and 5 hours,4,5,2,5,1,5,2,3,4,5,1,5,True,True,True,True,True,True,True,True,False,ADHD,19
254,254,2022-05-11 19:47:05,22,Female,Married,University Student,University,Yes,"Facebook, Instagram, YouTube, Pinterest",Between 2 and 3 hours,5,4,2,3,3,2,1,3,2,2,3,3,False,True,False,True,False,False,True,True,False,ADHD,19
255,255,2022-05-11 19:47:43,20,Male,Single,University Student,University,Yes,"Facebook, Twitter, Instagram, YouTube, Snapchat, Discord, Reddit",Less than an Hour,4,2,1,3,5,2,1,4,2,2,4,2,False,True,True,False,True,True,True,True,True,ADHD,19
256,256,2022-05-11 19:47:44,23,Female,Single,University Student,University,Yes,"Facebook, Instagram, YouTube, Snapchat",More than 5 hours,4,5,3,4,5,5,5,1,3,3,4,5,False,True,False,False,True,False,True,True,False,ADHD,19
257,257,2022-05-11 19:48:59,91,Female,Single,University Student,University,Yes,"Facebook, Instagram, YouTube, Snapchat, Discord",Between 2 and 3 hours,2,5,4,4,5,5,5,1,5,5,5,5,False,True,False,False,True,True,True,True,False,ADHD,19
258,258,2022-05-11 19:51:18,22,Female,Single,University Student,University,Yes,"Facebook, Instagram, YouTube, Snapchat, Discord",Between 4 and 5 hours,4,1,2,1,1,1,1,2,1,1,2,3,False,True,False,False,True,True,True,True,False,ADHD,19
259,259,2022-05-11 19:51:38,23,Female,Single,University Student,"University, N/A",Yes,"Facebook, Instagram, YouTube, TikTok",More than 5 hours,3,3,2,3,3,4,3,3,4,4,3,2,True,True,False,False,False,False,True,True,False,ADHD,19
260,260,2022-05-11 19:58:36,21,Female,In a relationship,University Student,"University, Company",Yes,"Facebook, Instagram, Discord",Between 2 and 3 hours,2,3,4,2,3,4,2,4,2,3,1,4,False,True,False,False,False,True,True,False,False,ADHD,19
261,261,2022-05-11 20:12:15,36,Female,Married,Salaried Worker,Unknown,Yes,"Facebook, YouTube, Snapchat",Between 1 and 2 hours,4,1,1,2,2,1,1,3,2,2,3,3,False,True,False,False,True,False,False,True,False,ADHD,20
262,262,2022-05-11 20:13:54,21,Female,In a relationship,University Student,University,Yes,"Facebook, Instagram, YouTube, Snapchat, Discord, TikTok",Between 2 and 3 hours,3,3,2,3,5,4,3,3,3,5,5,4,True,True,False,False,True,True,True,True,False,ADHD,20
263,263,2022-05-11 20:15:24,22,Female,Single,University Student,University,Yes,"Facebook, Instagram, YouTube",Between 1 and 2 hours,2,2,2,2,2,3,4,3,3,3,2,2,False,True,False,False,False,False,True,True,False,Depression,20
264,264,2022-05-11 20:15:30,22,Male,Single,University Student,University,Yes,"Facebook, Twitter, Instagram, YouTube, Discord, Reddit, Pinterest, TikTok",More than 5 hours,4,4,3,4,2,4,4,3,4,3,4,3,True,True,True,True,False,True,True,True,True,ADHD,20
265,265,2022-05-11 20:17:40,22,Female,Single,University Student,University,Yes,"Facebook, Instagram, YouTube, Snapchat",More than 5 hours,5,2,5,4,4,4,4,3,2,2,3,2,False,True,False,False,True,False,True,True,False,ADHD,20
267,267,2022-05-11 20:19:55,26,Female,In a relationship,Salaried Worker,Private,Yes,"Facebook, Twitter, Instagram, YouTube",More than 5 hours,4,4,1,3,3,2,2,4,1,2,2,4,False,True,True,False,False,False,True,True,False,ADHD,20
268,268,2022-05-11 20:34:00,21,Male,Single,University Student,University,Yes,YouTube,Between 2 and 3 hours,3,3,2,5,5,4,2,3,2,4,2,4,False,False,False,False,False,False,False,True,False,ADHD,20
270,270,2022-05-11 20:36:35,21,Female,In a relationship,University Student,"School, University, Private",Yes,"Facebook, Twitter, YouTube, Discord, Pinterest",More than 5 hours,3,2,1,2,3,1,1,3,1,3,3,2,False,True,True,True,False,True,False,True,False,ADHD,20
271,271,2022-05-11 20:39:58,19,Female,Single,School Student,School,Yes,"Facebook, Twitter, Instagram, YouTube, Snapchat, Discord, Reddit, Pinterest, TikTok",More than 5 hours,3,2,1,5,2,3,1,3,1,2,1,5,True,True,True,True,True,True,True,True,True,ADHD,20
273,273,2022-05-11 20:45:17,22,Female,Single,University Student,"University, Private",Yes,"Facebook, Twitter, Instagram, YouTube, Snapchat, Discord, Reddit, Pinterest, TikTok",Between 3 and 4 hours,5,4,3,4,4,3,2,3,4,3,3,4,True,True,True,True,True,True,True,True,True,ADHD,20
274,274,2022-05-11 20:50:59,23,Male,Single,University Student,"School, University",Yes,"YouTube, Discord, Reddit",Between 1 and 2 hours,2,2,1,5,5,5,1,3,1,5,1,5,False,False,False,False,False,True,False,True,True,Anxiety,20
275,275,2022-05-11 20:51:35,21,Male,Single,University Student,University,Yes,"Facebook, Twitter, Instagram, YouTube, Discord, Reddit",Between 2 and 3 hours,4,4,4,5,5,4,4,2,3,3,4,3,False,True,True,False,False,True,True,True,True,ADHD,20
276,276,2022-05-11 20:57:23,21,Female,In a relationship,University Student,"School, University",Yes,"Facebook, Instagram, YouTube, Snapchat, Discord, Pinterest, TikTok",Between 3 and 4 hours,5,4,2,5,5,4,4,3,3,5,5,5,True,True,False,True,True,True,True,True,False,ADHD,20
277,277,2022-05-11 20:58:35,22,Male,In a relationship,University Student,University,Yes,"Facebook, Instagram, YouTube, Snapchat, Discord",Between 4 and 5 hours,5,5,3,5,5,5,5,5,5,5,5,5,False,True,False,False,True,True,True,True,False,ADHD,20
278,278,2022-05-11 21:02:15,26,Male,Single,Salaried Worker,Company,Yes,"Facebook, Instagram, YouTube, Discord",More than 5 hours,5,5,5,5,5,5,5,5,1,5,5,5,False,True,False,False,False,True,True,True,False,ADHD,21
280,280,2022-05-11 21:08:41,17,Male,Single,School Student,School,Yes,Discord,Between 2 and 3 hours,3,4,3,3,3,3,5,3,4,5,3,4,False,False,False,False,False,True,False,False,False,ADHD,21
282,282,2022-05-11 21:14:26,21,Male,Single,School Student,"School, Company",Yes,"Facebook, Instagram, YouTube, Discord, Reddit, Pinterest",Between 3 and 4 hours,2,4,2,4,5,4,5,4,4,4,3,3,False,True,False,True,False,True,True,True,True,ADHD,21
283,283,2022-05-11 21:16:29,22,Female,Single,University Student,University,Yes,"Facebook, Instagram, YouTube, Snapchat",More than 5 hours,1,1,1,1,1,1,2,2,1,2,1,2,False,True,False,False,True,False,True,True,False,Other,21
284,284,2022-05-11 21:19:18,20,Male,Single,University Student,University,Yes,"Facebook, Twitter, Instagram, YouTube, Snapchat, Discord, TikTok",More than 5 hours,4,5,3,2,5,3,4,2,1,5,4,5,True,True,True,False,True,True,True,True,False,ADHD,21
285,285,2022-05-11 21:20:07,24,Female,Single,University Student,University,Yes,"Facebook, Twitter, Instagram, YouTube",Between 4 and 5 hours,4,4,3,4,4,4,3,3,3,4,4,4,False,True,True,False,False,False,True,True,False,ADHD,21
286,286,2022-05-11 21:20:30,22,Female,Single,University Student,Private,Yes,"Facebook, Instagram, YouTube, Snapchat",Between 3 and 4 hours,4,4,2,5,4,5,3,2,2,3,4,4,False,True,False,False,True,False,True,True,False,ADHD,21
287,287,2022-05-11 21:22:00,24,Male,Single,University Student,University,Yes,"Facebook, Twitter, Instagram, YouTube, Discord",Between 3 and 4 hours,4,3,2,3,2,3,2,1,3,2,3,2,False,True,True,False,False,True,True,True,False,ADHD,21
288,288,2022-05-11 21:22:44,22,Female,Single,University Student,University,Yes,"Facebook, Instagram, YouTube, Snapchat, Pinterest",More than 5 hours,3,4,4,5,5,4,5,2,4,5,4,4,False,True,False,True,True,False,True,True,False,ADHD,21
289,289,2022-05-11 21:24:00,26,Male,In a relationship,University Student,"University, Private",Yes,"Facebook, Twitter, Instagram, YouTube, Snapchat, Discord, Pinterest",Between 4 and 5 hours,3,3,2,2,4,2,2,3,4,4,2,2,False,True,True,True,True,True,True,True,False,ADHD,21
290,290,2022-05-11 21:25:06,24,Female,In a relationship,Salaried Worker,Private,Yes,"Facebook, Instagram, YouTube, Discord, Pinterest",Between 3 and 4 hours,2,1,1,2,4,2,1,1,3,3,2,4,False,True,False,True,False,True,True,True,False,Anxiety,21
291,291,2022-05-11 21:29:38,22,Female,Single,University Student,University,Yes,"Facebook, YouTube",Between 2 and 3 hours,3,4,1,2,2,3,3,3,3,3,4,4,False,True,False,False,False,False,False,True,False,ADHD,21
293,293,2022-05-11 21:32:12,21,Female,Single,University Student,University,Yes,"Facebook, Instagram, YouTube, Snapchat, Discord, Reddit, Pinterest, TikTok",Between 4 and 5 hours,4,5,3,4,4,5,2,3,3,4,5,4,True,True,False,True,True,True,True,True,True,ADHD,21
294,294,2022-05-11 21:34:26,20,Female,In a relationship,University Student,University,Yes,"Facebook, Instagram, YouTube, Snapchat, TikTok",Between 2 and 3 hours,4,4,4,4,4,4,5,5,4,5,5,5,True,True,False,False,True,False,True,True,False,ADHD,21
295,295,2022-05-11 21:35:12,22,Female,Single,University Student,University,Yes,"Facebook, Instagram, YouTube",Between 1 and 2 hours,3,3,1,3,1,1,1,3,5,1,1,1,False,True,False,False,False,False,True,True,False,ADHD,21
296,296,2022-05-11 21:35:32,25,Female,In a relationship,Salaried Worker,Company,Yes,"Facebook, Twitter, Instagram, YouTube, Snapchat, Pinterest",Between 2 and 3 hours,2,1,3,2,4,4,3,3,1,2,1,1,False,True,True,True,True,False,True,True,False,Anxiety,21
298,298,2022-05-11 21:38:40,22,Female,Single,University Student,University,Yes,"Facebook, Twitter, Instagram, YouTube",Between 2 and 3 hours,4,2,3,3,5,4,4,3,3,4,3,5,False,True,True,False,False,False,True,True,False,ADHD,21
299,299,2022-05-11 21:45:23,26,Male,Single,University Student,University,Yes,"Facebook, Twitter, Instagram, YouTube, Reddit",Between 1 and 2 hours,3,4,2,4,4,4,2,2,1,3,3,2,False,True,True,False,False,False,True,True,True,ADHD,21
301,301,2022-05-11 21:46:44,23,Male,In a relationship,University Student,"University, Company, Private",Yes,"Facebook, Instagram, YouTube, Snapchat, Pinterest",Between 2 and 3 hours,3,4,5,3,5,3,3,3,3,5,1,4,False,True,False,True,True,False,True,True,False,ADHD,21
302,302,2022-05-11 21:47:23,25,Male,Single,Salaried Worker,"Company, Private",Yes,"Facebook, Instagram, YouTube, Snapchat",Between 2 and 3 hours,4,2,2,3,5,4,1,1,2,5,5,5,False,True,False,False,True,False,True,True,False,ADHD,21
304,304,2022-05-11 21:56:01,30,Female,Single,Salaried Worker,Private,Yes,"Facebook, TikTok",Between 2 and 3 hours,4,5,4,3,3,5,4,3,1,4,4,5,True,True,False,False,False,False,False,False,False,ADHD,21
305,305,2022-05-11 21:56:21,23,Female,Single,University Student,University,Yes,"Facebook, Instagram, YouTube",Between 3 and 4 hours,2,4,1,3,4,3,4,2,2,3,3,2,False,True,False,False,False,False,True,True,False,ADHD,21
306,306,2022-05-11 21:56:34,22,Male,In a relationship,Salaried Worker,"University, Company",Yes,"Facebook, Twitter, Instagram, YouTube, Snapchat, Discord, Reddit, TikTok",Between 4 and 5 hours,4,5,4,5,5,4,3,3,3,3,4,2,True,True,True,False,True,True,True,True,True,ADHD,21
307,307,2022-05-11 21:59:40,21,Female,In a relationship,University Student,University,Yes,"Facebook, Instagram, YouTube",Between 4 and 5 hours,5,5,5,4,4,3,5,2,2,5,4,3,False,True,False,False,False,False,True,True,False,ADHD,21
309,309,2022-05-11 22:03:42,18,Female,Single,University Student,University,Yes,"Facebook, Instagram, YouTube, Snapchat, Discord, Pinterest",More than 5 hours,3,2,2,2,4,2,1,3,3,2,3,4,False,True,False,True,True,True,True,True,False,ADHD,22
310,310,2022-05-11 22:05:17,20,Female,Single,University Student,University,Yes,"Twitter, Instagram, YouTube",Between 3 and 4 hours,3,3,2,2,4,2,2,3,2,2,3,1,False,False,True,False,False,False,True,True,False,ADHD,22
311,311,2022-05-11 22:06:07,15,Female,Single,School Student,School,Yes,"Instagram, YouTube, Discord, Pinterest",Between 3 and 4 hours,4,3,1,3,5,3,3,3,1,5,4,5,False,False,False,True,False,True,True,True,False,ADHD,22
314,314,2022-05-11 22:10:28,21,Male,Single,University Student,University,Yes,"Facebook, Instagram",Between 1 and 2 hours,2,3,1,4,5,4,3,3,1,5,5,5,False,True,False,False,False,False,True,False,False,ADHD,22
315,315,2022-05-11 22:11:41,22,Female,Single,University Student,University,Yes,"Facebook, Twitter, Instagram, YouTube, Snapchat, TikTok",More than 5 hours,5,1,4,1,4,4,3,4,2,4,5,4,True,True,True,False,True,False,True,True,False,ADHD,22
316,316,2022-05-11 22:11:39,23,Female,Married,University Student,University,Yes,Facebook,More than 5 hours,4,3,3,4,4,5,4,4,3,3,3,4,False,True,False,False,False,False,False,False,False,ADHD,22
317,317,2022-05-11 22:11:40,24,Male,Single,University Student,University,Yes,"Facebook, Twitter, Instagram, YouTube, Snapchat, Discord, Reddit, Pinterest",Between 3 and 4 hours,2,1,1,1,4,1,1,3,1,3,1,3,False,True,True,True,True,True,True,True,True,Anxiety,22
318,318,2022-05-11 22:14:03,21,Female,In a relationship,University Student,"University, Private",Yes,"Facebook, Instagram, YouTube, Snapchat",More than 5 hours,4,5,4,5,3,5,3,3,2,5,5,4,False,True,False,False,True,False,True,True,False,ADHD,22
319,319,2022-05-11 22:20:02,22,Female,Single,University Student,University,Yes,"Facebook, Instagram, YouTube, Snapchat, Pinterest, TikTok",More than 5 hours,5,5,5,5,5,5,5,1,4,5,5,5,True,True,False,True,True,False,True,True,False,ADHD,22
320,320,2022-05-11 22:21:41,22,Female,Single,University Student,University,Yes,"Facebook, YouTube, Snapchat, Discord",More than 5 hours,5,5,5,5,5,5,5,5,5,5,5,5,False,True,False,False,True,True,False,True,False,ADHD,22
326,326,2022-05-11 22:33:14,21,Others,Single,University Student,University,Yes,"Facebook, Instagram, YouTube, Snapchat, Reddit, Pinterest, TikTok",More than 5 hours,4,2,3,5,5,4,4,3,5,5,5,1,True,True,False,True,True,False,True,True,True,ADHD,22
327,327,2022-05-11 22:33:56,21,Female,Single,University Student,Unknown,Yes,"Facebook, Instagram, YouTube, Snapchat, Discord, TikTok",Between 3 and 4 hours,5,5,4,5,5,4,5,5,3,5,3,5,True,True,False,False,True,True,True,True,False,ADHD,22
328,328,2022-05-11 22:34:14,22,Male,Single,University Student,University,Yes,"Facebook, Instagram, YouTube, Discord, Pinterest",Between 2 and 3 hours,4,5,4,4,5,5,2,2,5,5,5,4,False,True,False,True,False,True,True,True,False,ADHD,22
329,329,2022-05-11 22:36:59,21,Female,Single,University Student,"University, Company",Yes,"Facebook, Instagram, Snapchat, Pinterest, TikTok",Between 2 and 3 hours,4,4,1,3,2,2,2,2,2,4,3,2,True,True,False,True,True,False,True,False,False,ADHD,22
330,330,2022-05-11 22:38:29,23,Male,Married,University Student,University,Yes,"Facebook, Twitter, Instagram, YouTube, Snapchat, Discord, Reddit, Pinterest, TikTok",Between 2 and 3 hours,5,4,3,5,4,5,3,2,2,4,4,4,True,True,True,True,True,True,True,True,True,ADHD,22
331,331,2022-05-11 22:38:52,19,Male,Single,University Student,University,Yes,"Facebook, Twitter, Instagram, YouTube, Snapchat, Discord, Reddit, Pinterest, TikTok",Between 3 and 4 hours,4,2,2,2,3,1,2,5,1,1,3,4,True,True,True,True,True,True,True,True,True,ADHD,22
332,332,2022-05-11 22:41:45,26,Male,Single,Salaried Worker,"School, Company",Yes,"Facebook, Twitter, Instagram, YouTube, Snapchat, Discord, Reddit",Between 2 and 3 hours,4,3,2,4,3,3,4,3,1,4,2,2,False,True,True,False,True,True,True,True,True,ADHD,22
333,333,2022-05-11 22:44:23,27,Male,Single,Salaried Worker,Company,Yes,"Facebook, Twitter, Instagram, YouTube, Reddit, Pinterest",Between 2 and 3 hours,5,5,2,2,1,1,2,4,1,3,2,3,False,True,True,True,False,False,True,True,True,ADHD,22
335,335,2022-05-11 22:46:45,20,Female,Single,University Student,University,Yes,"Facebook, Instagram, YouTube, Discord",Between 4 and 5 hours,3,3,3,3,3,3,3,3,3,3,3,3,False,True,False,False,False,True,True,True,False,ADHD,22
337,337,2022-05-11 22:52:56,22,Male,Single,University Student,University,Yes,"Facebook, Twitter, Instagram, YouTube, Snapchat, Discord, Reddit, Pinterest",Between 3 and 4 hours,4,4,1,3,3,1,1,1,1,1,2,2,False,True,True,True,True,True,True,True,True,ADHD,22
338,338,2022-05-11 22:54:32,18,Female,Single,School Student,Private,Yes,"Facebook, Instagram, YouTube",Between 3 and 4 hours,5,5,2,5,4,5,5,2,4,4,5,5,False,True,False,False,False,False,True,True,False,ADHD,22
339,339,2022-05-11 22:54:32,22,Male,In a relationship,University Student,"University, Company",Yes,"Facebook, Instagram, YouTube, Snapchat, Discord, Reddit",Between 2 and 3 hours,4,3,2,3,4,3,2,4,1,3,1,3,False,True,False,False,True,True,True,True,True,ADHD,22
340,340,2022-05-11 22:55:21,20,Male,Single,Salaried Worker,Company,Yes,"Facebook, Twitter, Instagram, Snapchat, Reddit",Between 1 and 2 hours,3,3,2,3,5,3,1,3,4,5,3,2,False,True,True,False,True,False,True,False,True,ADHD,22
342,342,2022-05-11 23:02:07,21,Male,Single,University Student,University,Yes,"Facebook, Instagram, YouTube",Between 4 and 5 hours,3,4,3,3,5,5,4,4,4,3,4,3,False,True,False,False,False,False,True,True,False,ADHD,23
343,343,2022-05-11 23:11:25,29,Female,Single,Salaried Worker,Private,Yes,"Facebook, Instagram",Between 3 and 4 hours,5,3,1,3,5,3,2,2,1,5,5,5,False,True,False,False,False,False,True,False,False,ADHD,23
344,344,2022-05-11 23:12:21,21,Male,Single,University Student,"University, Company, Private",Yes,"Facebook, Instagram, YouTube, Snapchat, Discord, TikTok",Between 1 and 2 hours,4,4,3,3,5,2,4,2,2,2,4,5,True,True,False,False,True,True,True,True,False,ADHD,23
345,345,2022-05-11 23:16:01,19,Female,Single,University Student,"School, University, Private",Yes,"Facebook, Instagram, YouTube, Snapchat, Discord, Reddit, Pinterest, TikTok",More than 5 hours,3,5,4,3,5,4,1,5,1,5,5,5,True,True,False,True,True,True,True,True,True,ADHD,23
346,346,2022-05-11 23:17:37,21,Female,In a relationship,University Student,University,Yes,"Facebook, Instagram, YouTube, Snapchat, Discord",Between 2 and 3 hours,5,4,3,4,4,4,2,3,1,5,4,2,False,True,False,False,True,True,True,True,False,ADHD,23
347,347,2022-05-11 23:22:48,43,Male,Married,Salaried Worker,Goverment,Yes,"Facebook, YouTube",Less than an Hour,2,1,1,1,1,1,1,3,3,1,1,1,False,True,False,False,False,False,False,True,False,Low Self Esteem,23
348,348,2022-05-11 23:23:09,22,Female,Married,University Student,University,Yes,"Facebook, Twitter, Instagram, YouTube, Snapchat, Discord, Reddit, Pinterest, TikTok",Between 4 and 5 hours,5,5,3,4,4,4,4,1,1,4,2,1,True,True,True,True,True,True,True,True,True,ADHD,23
349,349,2022-05-11 23:27:00,24,Male,In a relationship,University Student,"University, Company",Yes,"Facebook, Twitter, Instagram, YouTube, Snapchat, Discord, Reddit",Between 4 and 5 hours,4,5,3,5,5,5,1,3,1,3,2,1,False,True,True,False,True,True,True,True,True,ADHD,23
350,350,2022-05-11 23:33:36,18,Female,Single,School Student,School,Yes,"Facebook, YouTube",More than 5 hours,5,5,3,3,5,4,1,3,1,5,4,4,False,True,False,False,False,False,False,True,False,ADHD,23
351,351,2022-05-11 23:34:52,19,Female,Single,University Student,University,Yes,"Facebook, Instagram, YouTube, Snapchat, Discord",Between 3 and 4 hours,4,3,1,3,4,4,2,3,1,4,3,5,False,True,False,False,True,True,True,True,False,ADHD,23
352,352,2022-05-11 23:35:01,37,Female,In a relationship,Salaried Worker,Private,Yes,"Facebook, YouTube",Between 1 and 2 hours,2,2,1,3,3,2,2,3,1,3,3,4,False,True,False,False,False,False,False,True,False,Anxiety,23
353,353,2022-05-11 23:37:28,24,Male,Single,University Student,University,Yes,"Facebook, Instagram, YouTube, Discord, Reddit",Between 4 and 5 hours,4,4,2,4,4,5,4,2,3,3,4,5,False,True,False,False,False,True,True,True,True,ADHD,23
354,354,2022-05-11 23:38:27,29,Female,Single,Salaried Worker,University,Yes,"Facebook, Twitter, Instagram, YouTube, Reddit, Pinterest",Between 1 and 2 hours,2,2,1,4,5,4,4,2,1,5,2,4,False,True,True,True,False,False,True,True,True,Anxiety,23
355,355,2022-05-11 23:40:03,19,Male,Single,School Student,Private,Yes,"Facebook, Instagram, YouTube, Snapchat, Discord, Reddit, TikTok",Between 4 and 5 hours,3,3,2,2,3,2,2,1,3,2,2,2,True,True,False,False,True,True,True,True,True,ADHD,23
356,356,2022-05-11 23:41:55,35,Male,Married,Salaried Worker,Company,Yes,"Facebook, Instagram, YouTube, Discord",Less than an Hour,2,3,2,2,4,4,2,2,4,3,2,5,False,True,False,False,False,True,True,True,False,ADHD,23
357,357,2022-05-11 23:43:43,22,Female,Single,University Student,University,Yes,"Twitter, Discord, Reddit",Between 2 and 3 hours,4,5,4,5,5,4,3,3,1,4,4,2,False,False,True,False,False,True,False,False,True,ADHD,23
358,358,2022-05-11 23:54:50,23,Male,Single,University Student,"University, Company",Yes,"Facebook, Twitter, Instagram, YouTube, Snapchat, Discord, Pinterest",Between 1 and 2 hours,3,2,2,3,2,2,2,4,2,3,2,3,False,True,True,True,True,True,True,True,False,ADHD,23
359,359,2022-05-11 23:59:06,22,Female,Single,University Student,University,Yes,"Twitter, Instagram, TikTok",More than 5 hours,5,5,5,4,4,4,2,3,2,3,4,1,True,False,True,False,False,False,True,False,False,ADHD,23
360,360,2022-05-12 00:07:36,25,Male,Single,Salaried Worker,Private,Yes,"Facebook, Instagram, YouTube, Snapchat, Discord",Between 2 and 3 hours,4,4,1,5,5,3,5,2,2,4,3,5,False,True,False,False,True,True,True,True,False,ADHD,0
361,361,2022-05-12 00:16:23,19,Male,Single,School Student,School,Yes,"Facebook, Instagram, YouTube, TikTok",Between 4 and 5 hours,3,3,4,3,3,3,4,3,3,3,3,2,True,True,False,False,False,False,True,True,False,ADHD,0
362,362,2022-05-12 00:22:23,29,Female,Married,Salaried Worker,Private,Yes,"Facebook, Instagram, YouTube, Pinterest",Between 1 and 2 hours,4,4,1,3,3,3,2,3,1,2,2,4,False,True,False,True,False,False,True,True,False,ADHD,0
363,363,2022-05-12 00:22:34,21,Female,In a relationship,University Student,"University, Private",Yes,"Facebook, Twitter, Instagram, YouTube, Snapchat, Pinterest",Between 4 and 5 hours,4,5,3,3,3,3,5,1,4,4,3,5,False,True,True,True,True,False,True,True,False,ADHD,0
364,364,2022-05-12 00:26:26,21,Male,In a relationship,University Student,University,Yes,"Facebook, Instagram, YouTube, Snapchat, Discord",Between 4 and 5 hours,4,2,2,2,1,1,1,3,1,2,2,2,False,True,False,False,True,True,True,True,False,ADHD,0
365,365,2022-05-12 00:29:35,22,Female,Married,University Student,Unknown,Yes,"Facebook, Instagram, YouTube, Snapchat, Discord",Between 2 and 3 hours,3,2,1,1,1,3,1,1,2,1,2,2,False,True,False,False,True,True,True,True,False,ADHD,0
366,366,2022-05-12 00:30:42,23,Female,Single,University Student,"University, Company",Yes,"Facebook, Twitter, Instagram, YouTube, Snapchat, Discord, Reddit, Pinterest, TikTok",Between 4 and 5 hours,5,4,2,4,5,5,5,1,4,5,2,5,True,True,True,True,True,True,True,True,True,ADHD,0
367,367,2022-05-12 00:32:26,22,Female,In a relationship,University Student,University,Yes,"Facebook, Instagram, YouTube",Between 2 and 3 hours,4,5,4,5,3,5,4,3,2,4,4,4,False,True,False,False,False,False,True,True,False,ADHD,0
368,368,2022-05-12 00:41:56,20,Male,Divorced,University Student,University,Yes,"Facebook, Instagram, YouTube, Snapchat, Discord",More than 5 hours,5,5,5,5,5,5,5,5,5,5,5,5,False,True,False,False,True,True,True,True,False,ADHD,0
369,369,2022-05-12 00:49:37,22,Others,In a relationship,Salaried Worker,Company,Yes,"Facebook, Instagram, YouTube, Snapchat",More than 5 hours,4,5,5,5,1,3,3,4,2,1,2,1,False,True,False,False,True,False,True,True,False,ADHD,0
370,370,2022-05-12 00:52:26,27,Female,Single,Salaried Worker,Private,Yes,"Facebook, Instagram, Snapchat, Discord, Pinterest, TikTok",Between 3 and 4 hours,3,3,3,3,4,4,4,4,3,5,3,4,True,True,False,True,True,True,True,False,False,ADHD,0
371,371,2022-05-12 00:54:52,24,Male,Single,Salaried Worker,Company,Yes,"Facebook, Twitter, Instagram, YouTube, Snapchat, Discord, Reddit, Pinterest",More than 5 hours,5,2,2,2,4,2,2,3,3,2,1,5,False,True,True,True,True,True,True,True,True,ADHD,0
372,372,2022-05-12 00:55:49,21,Female,Married,University Student,"University, Company",Yes,"Facebook, Instagram, YouTube, Snapchat",Between 1 and 2 hours,5,5,2,4,5,5,5,1,5,4,5,5,False,True,False,False,True,False,True,True,False,ADHD,0
373,373,2022-05-12 01:12:04,23,Female,Single,University Student,University,Yes,"YouTube, Pinterest",Less than an Hour,3,2,1,1,2,1,1,2,2,3,4,3,False,False,False,True,False,False,False,True,False,ADHD,1
376,376,2022-05-12 02:05:51,24,Female,In a relationship,University Student,University,Yes,"Facebook, Twitter, Instagram, YouTube, Snapchat, Discord, Pinterest, TikTok",Between 4 and 5 hours,3,2,2,3,5,3,5,2,3,5,5,4,True,True,True,True,True,True,True,True,False,ADHD,2
378,378,2022-05-12 02:09:25,30,Female,Single,Salaried Worker,Unknown,Yes,"Facebook, Instagram, YouTube",Between 2 and 3 hours,4,5,3,5,5,5,4,2,5,4,5,4,False,True,False,False,False,False,True,True,False,ADHD,2
380,380,2022-05-12 02:18:39,22,Female,Single,University Student,University,Yes,"Facebook, Instagram, YouTube, Snapchat",More than 5 hours,4,3,3,3,2,2,3,3,1,1,3,2,False,True,False,False,True,False,True,True,False,ADHD,2
381,381,2022-05-12 02:30:23,29,Female,Single,University Student,University,Yes,"Facebook, Instagram, YouTube, Snapchat, Pinterest, TikTok",More than 5 hours,5,5,3,5,4,5,5,3,3,5,5,5,True,True,False,True,True,False,True,True,False,ADHD,2
382,382,2022-05-12 03:02:05,20,Male,Single,University Student,"School, University",Yes,"Instagram, YouTube, Discord, Reddit, Pinterest",Between 3 and 4 hours,4,3,2,3,5,5,5,5,5,5,5,1,False,False,False,True,False,True,True,True,True,ADHD,3
383,383,2022-05-12 03:24:01,26,Female,Single,University Student,University,Yes,"Facebook, YouTube",More than 5 hours,4,2,2,3,5,3,5,2,3,4,5,5,False,True,False,False,False,False,False,True,False,ADHD,3
384,384,2022-05-12 03:24:27,24,Male,Single,Salaried Worker,Company,Yes,"Facebook, Twitter, Instagram, YouTube, Snapchat, Discord, Reddit, Pinterest, TikTok",Between 1 and 2 hours,3,4,1,3,3,2,3,3,4,5,3,3,True,True,True,True,True,True,True,True,True,ADHD,3
385,385,2022-05-12 03:26:43,26,Male,In a relationship,University Student,University,Yes,"Facebook, Instagram, YouTube, Snapchat",Between 3 and 4 hours,4,5,3,4,4,4,5,1,2,3,4,3,False,True,False,False,True,False,True,True,False,ADHD,3
386,386,2022-05-12 03:37:23,22,Male,Single,University Student,"University, Company",Yes,"Facebook, YouTube, Discord",Between 2 and 3 hours,5,4,2,3,3,4,3,4,1,2,2,4,False,True,False,False,False,True,False,True,False,ADHD,3
387,387,2022-05-12 03:47:42,23,Male,Single,University Student,"University, Private",Yes,"Facebook, Instagram, YouTube, Snapchat, Discord, Pinterest, TikTok",Between 4 and 5 hours,5,5,2,4,5,3,5,3,2,3,3,4,True,True,False,True,True,True,True,True,False,ADHD,3
388,388,2022-05-12 03:57:27,19,Male,Single,School Student,School,Yes,"Facebook, Instagram, YouTube, Snapchat, Discord, Reddit, Pinterest",Between 4 and 5 hours,4,4,2,4,4,4,5,2,4,2,4,4,False,True,False,True,True,True,True,True,True,ADHD,3
389,389,2022-05-12 04:35:58,21,Female,Single,University Student,University,Yes,"Twitter, Instagram, YouTube, TikTok",Between 2 and 3 hours,3,4,3,4,4,4,5,1,2,4,4,2,True,False,True,False,False,False,True,True,False,ADHD,4
390,390,2022-05-12 04:46:54,20,Female,Single,University Student,University,Yes,"Facebook, Instagram, YouTube, Snapchat, Discord, Reddit, Pinterest, TikTok",Between 4 and 5 hours,5,5,5,5,5,5,2,3,2,4,4,5,True,True,False,True,True,True,True,True,True,ADHD,4
391,391,2022-05-12 05:24:57,22,Male,Single,University Student,University,Yes,"Facebook, Instagram, YouTube, Snapchat, Discord",More than 5 hours,4,4,4,4,2,3,2,3,4,3,3,4,False,True,False,False,True,True,True,True,False,ADHD,5
397,397,2022-05-12 11:06:19,22,Female,Single,University Student,University,Yes,"Facebook, Instagram, YouTube, Snapchat",More than 5 hours,5,4,4,4,4,4,2,4,3,5,4,3,False,True,False,False,True,False,True,True,False,ADHD,11
398,398,2022-05-12 11:06:52,21,Female,Single,University Student,University,Yes,Facebook,More than 5 hours,4,4,3,5,4,5,4,3,4,5,5,5,False,True,False,False,False,False,False,False,False,ADHD,11
399,399,2022-05-12 13:15:49,21,Female,Single,University Student,University,Yes,"Facebook, Twitter, Instagram, YouTube, Snapchat, Pinterest",Between 2 and 3 hours,2,1,4,2,2,2,3,3,2,1,4,4,False,True,True,True,True,False,True,True,False,Anxiety,13
400,400,2022-05-12 13:23:45,24,Female,Single,University Student,Unknown,Yes,"Facebook, Instagram, YouTube, Snapchat",Between 4 and 5 hours,3,4,1,5,4,5,3,3,4,5,5,5,False,True,False,False,True,False,True,True,False,ADHD,13
402,402,2022-05-12 18:11:43,52,Male,Married,Salaried Worker,Private,Yes,"Facebook, YouTube",Between 1 and 2 hours,2,2,3,3,3,2,3,2,2,3,2,4,False,True,False,False,False,False,False,True,False,Anxiety,18
403,403,2022-05-12 18:16:16,26,Male,Single,University Student,University,Yes,"Facebook, Instagram, YouTube, Reddit, Pinterest, TikTok",More than 5 hours,5,4,3,4,4,4,3,3,2,3,4,5,True,True,False,True,False,False,True,True,True,ADHD,18
404,404,2022-05-12 18:33:15,44,Male,Married,Salaried Worker,Private,Yes,Facebook,Less than an Hour,1,1,1,2,1,1,1,1,1,1,1,1,False,True,False,False,False,False,False,False,False,Other,18
405,405,2022-05-12 18:36:06,44,Male,Married,Salaried Worker,Private,Yes,Facebook,Less than an Hour,1,1,1,1,1,1,1,1,1,1,1,1,False,True,False,False,False,False,False,False,False,Other,18
406,406,2022-05-12 18:58:32,19,Female,Single,University Student,University,Yes,"Facebook, YouTube, Discord, Pinterest",Between 3 and 4 hours,4,5,2,4,5,3,5,5,1,5,4,5,False,True,False,True,False,True,False,True,False,ADHD,18
407,407,2022-05-12 19:12:34,35,Male,Single,Salaried Worker,Private,Yes,"Facebook, Snapchat, Reddit",Between 3 and 4 hours,5,5,5,5,5,5,5,1,1,5,5,5,False,True,False,False,True,False,False,False,True,ADHD,19
408,408,2022-05-12 19:12:35,21,Female,In a relationship,University Student,University,Yes,"Facebook, Instagram, Snapchat",More than 5 hours,3,5,2,5,3,5,4,2,4,4,3,3,False,True,False,False,True,False,True,False,False,ADHD,19
411,411,2022-05-12 19:23:39,21,Female,Single,University Student,"School, University",Yes,"Facebook, Instagram, YouTube, Reddit, Pinterest",Between 3 and 4 hours,4,4,3,5,5,5,5,1,1,3,3,1,False,True,False,True,False,False,True,True,True,ADHD,19
412,412,2022-05-12 19:40:27,24,Male,Single,University Student,University,Yes,"Facebook, Instagram, YouTube, Discord, Reddit",More than 5 hours,3,4,4,4,3,3,2,3,1,3,3,3,False,True,False,False,False,True,True,True,True,ADHD,19
413,413,2022-05-12 19:41:28,21,Female,In a relationship,University Student,University,Yes,"Facebook, Instagram, YouTube, Snapchat",Between 3 and 4 hours,5,3,3,5,5,5,5,3,1,5,4,5,False,True,False,False,True,False,True,True,False,ADHD,19
414,414,2022-05-12 19:47:26,17,Male,Single,School Student,School,Yes,"Facebook, Instagram, YouTube, Discord",More than 5 hours,2,4,3,5,5,5,3,2,1,5,4,5,False,True,False,False,False,True,True,True,False,ADHD,19
415,415,2022-05-12 19:51:21,26,Female,In a relationship,University Student,University,Yes,Facebook,Between 4 and 5 hours,4,4,2,4,3,4,3,3,2,4,3,4,False,True,False,False,False,False,False,False,False,ADHD,19
417,417,2022-05-12 20:13:27,18,Female,Single,School Student,"School, N/A",Yes,"Facebook, Instagram, YouTube, Discord",Between 3 and 4 hours,2,1,1,3,3,2,1,3,1,2,2,2,False,True,False,False,False,True,True,True,False,Anxiety,20
418,418,2022-05-12 20:17:31,18,Female,In a relationship,School Student,School,Yes,"Facebook, Instagram, YouTube, Snapchat, Reddit, Pinterest, TikTok",Between 3 and 4 hours,5,3,4,3,4,4,1,3,1,3,5,5,True,True,False,True,True,False,True,True,True,ADHD,20
419,419,2022-05-12 21:00:17,23,Male,Single,University Student,University,Yes,"Facebook, Instagram, YouTube, Snapchat, Discord",Between 3 and 4 hours,3,4,2,4,5,4,2,3,2,4,3,3,False,True,False,False,True,True,True,True,False,ADHD,21
420,420,2022-05-12 21:06:04,20,Male,Single,University Student,University,Yes,"Facebook, Instagram, YouTube, Snapchat, Discord",Between 1 and 2 hours,4,5,3,5,2,5,1,2,3,3,2,1,False,True,False,False,True,True,True,True,False,ADHD,21
421,421,2022-05-12 21:10:04,23,Male,Single,University Student,University,Yes,"Facebook, Instagram, YouTube, Snapchat, Discord",More than 5 hours,4,4,3,4,5,4,4,3,2,3,3,5,False,True,False,False,True,True,True,True,False,ADHD,21
422,422,2022-05-12 21:13:24,25,Male,In a relationship,University Student,University,Yes,"Facebook, Twitter, Instagram, YouTube, Discord, Reddit, Pinterest",Less than an Hour,2,2,3,2,3,3,3,4,3,2,2,4,False,True,True,True,False,True,True,True,True,Anxiety,21
424,424,2022-05-12 21:31:47,20,Male,In a relationship,University Student,"School, University",Yes,"Facebook, Twitter, Instagram, YouTube, Snapchat, Discord, TikTok",More than 5 hours,4,5,3,4,5,4,5,2,4,4,4,5,True,True,True,False,True,True,True,True,False,ADHD,21
426,426,2022-05-12 21:45:23,17,Female,Single,School Student,Unknown,Yes,"Facebook, Instagram, YouTube, Pinterest",Between 2 and 3 hours,4,1,3,2,5,4,5,5,1,4,4,1,False,True,False,True,False,False,True,True,False,ADHD,21
427,427,2022-05-12 21:53:40,24,Female,Married,University Student,University,Yes,"Facebook, Instagram, YouTube, Snapchat",Between 3 and 4 hours,4,3,5,3,3,5,4,2,3,3,3,3,False,True,False,False,True,False,True,True,False,ADHD,21
428,428,2022-05-12 23:01:46,29,Female,Married,Salaried Worker,Company,Yes,"Facebook, Instagram, YouTube, Pinterest",More than 5 hours,5,5,5,4,5,4,3,3,4,4,4,3,False,True,False,True,False,False,True,True,False,ADHD,23
429,429,2022-05-12 23:13:03,30,Female,Married,Retired,Unknown,Yes,"Facebook, Instagram, YouTube",Between 3 and 4 hours,1,5,1,2,3,3,2,4,3,3,3,2,False,True,False,False,False,False,True,True,False,ADHD,23
430,430,2022-05-12 23:56:57,21,Female,Single,University Student,University,Yes,"Facebook, Twitter, Instagram, YouTube, Snapchat, Discord, TikTok",Between 3 and 4 hours,4,5,4,4,5,5,5,1,3,5,4,4,True,True,True,False,True,True,True,True,False,ADHD,23
431,431,2022-05-13 00:15:32,23,Male,Single,University Student,University,Yes,"Facebook, Instagram, YouTube, Snapchat, Discord, Reddit, Pinterest",More than 5 hours,4,3,2,4,4,4,3,3,3,5,5,5,False,True,False,True,True,True,True,True,True,ADHD,0
433,433,2022-05-13 00:27:42,20,Female,Single,University Student,University,Yes,"Facebook, Instagram, YouTube, Discord",More than 5 hours,3,5,3,5,5,5,5,5,5,5,5,5,False,True,False,False,False,True,True,True,False,ADHD,0
434,434,2022-05-13 01:06:00,21,Male,Single,University Student,University,Yes,"Facebook, Twitter, Instagram, YouTube, Snapchat, Discord, Reddit",Between 4 and 5 hours,4,3,2,5,5,4,5,1,3,5,5,5,False,True,True,False,True,True,True,True,True,ADHD,1
435,435,2022-05-13 01:16:02,22,Female,Single,University Student,University,Yes,YouTube,Between 4 and 5 hours,3,1,2,3,4,2,2,1,1,4,3,5,False,False,False,False,False,False,False,True,False,ADHD,1
436,436,2022-05-13 01:20:52,22,Female,Single,University Student,University,Yes,"Facebook, Instagram",Between 2 and 3 hours,3,2,2,2,5,3,5,2,5,3,3,5,False,True,False,False,False,False,True,False,False,ADHD,1
437,437,2022-05-13 01:25:09,22,Female,In a relationship,University Student,University,Yes,"Facebook, Instagram, Snapchat",More than 5 hours,1,5,2,3,5,2,1,2,2,3,3,4,False,True,False,False,True,False,True,False,False,ADHD,1
438,438,2022-05-13 01:27:34,27,Female,In a relationship,Salaried Worker,Private,Yes,"Facebook, Instagram, YouTube, Reddit, TikTok",Between 4 and 5 hours,4,3,3,4,3,3,4,2,4,2,1,2,True,True,False,False,False,False,True,True,True,ADHD,1
439,439,2022-05-13 01:30:50,21,Male,Single,University Student,University,Yes,"Facebook, Instagram, YouTube",More than 5 hours,5,4,2,2,2,3,2,3,1,2,2,5,False,True,False,False,False,False,True,True,False,ADHD,1
440,440,2022-05-13 01:46:36,23,Male,In a relationship,University Student,University,Yes,"Facebook, Instagram, YouTube, Snapchat, Discord, Reddit, TikTok",Between 4 and 5 hours,4,3,2,4,4,3,4,4,4,4,3,4,True,True,False,False,True,True,True,True,True,ADHD,1
441,441,2022-05-13 01:50:36,22,Male,In a relationship,University Student,University,Yes,"Facebook, Instagram, YouTube, Discord",Between 3 and 4 hours,4,4,5,4,2,4,3,3,4,2,3,4,False,True,False,False,False,True,True,True,False,ADHD,1
442,442,2022-05-13 03:51:19,21,Female,In a relationship,University Student,"University, Private",Yes,YouTube,Between 3 and 4 hours,3,4,4,3,3,3,2,5,3,1,3,2,False,False,False,False,False,False,False,True,False,ADHD,3
443,443,2022-05-13 04:00:54,23,Male,Single,University Student,"University, Company",Yes,"Facebook, YouTube, Discord, Reddit",Between 2 and 3 hours,4,2,1,2,3,2,3,3,1,3,2,2,False,True,False,False,False,True,False,True,True,ADHD,4
444,444,2022-05-13 10:05:54,21,Female,Single,University Student,University,Yes,"Facebook, Twitter, Instagram, YouTube, Pinterest",More than 5 hours,4,5,3,4,4,4,3,3,4,4,4,3,False,True,True,True,False,False,True,True,False,ADHD,10
445,445,2022-05-13 11:00:38,20,Male,Single,University Student,"University, Private",Yes,"Facebook, Instagram, YouTube",Between 4 and 5 hours,5,3,2,3,4,2,2,4,3,3,4,3,False,True,False,False,False,False,True,True,False,ADHD,11
446,446,2022-05-13 11:12:46,23,Male,Single,University Student,University,Yes,"Facebook, Instagram, YouTube, Discord, Reddit, Pinterest",Between 1 and 2 hours,2,1,1,2,5,3,3,4,1,3,2,4,False,True,False,True,False,True,True,True,True,Anxiety,11
448,448,2022-05-13 14:28:58,20,Female,In a relationship,University Student,University,Yes,"Facebook, Instagram, YouTube, Snapchat",More than 5 hours,5,3,4,3,5,5,5,1,4,5,5,3,False,True,False,False,True,False,True,True,False,ADHD,14
449,449,2022-05-13 16:26:54,21,Male,Single,University Student,University,Yes,"Facebook, Instagram, YouTube, Snapchat, Discord",Between 3 and 4 hours,4,4,4,4,4,5,4,1,4,4,4,5,False,True,False,False,True,True,True,True,False,ADHD,16
450,450,2022-05-13 16:32:03,25,Female,Single,University Student,University,Yes,"Facebook, Twitter, Instagram, YouTube, Pinterest",Between 2 and 3 hours,3,5,2,2,3,3,1,3,1,2,4,5,False,True,True,True,False,False,True,True,False,ADHD,16
451,451,2022-05-13 17:13:06,21,Female,Single,University Student,University,Yes,"Facebook, Instagram, Discord",Between 3 and 4 hours,2,2,1,4,4,4,2,1,1,2,2,2,False,True,False,False,False,True,True,False,False,Anxiety,17
452,452,2022-05-13 17:32:46,28,Female,Single,University Student,University,Yes,"Facebook, Instagram, YouTube, Discord, Reddit",Between 4 and 5 hours,4,3,1,4,5,4,1,3,1,4,1,5,False,True,False,False,False,True,True,True,True,ADHD,17
454,454,2022-05-13 19:48:20,60,Male,Single,Retired,Unknown,Yes,"Facebook, YouTube",Between 2 and 3 hours,1,2,1,1,1,1,3,3,3,1,1,1,False,True,False,False,False,False,False,True,False,Low Self Esteem,19
455,455,2022-05-13 20:50:29,49,Male,Married,Salaried Worker,School,Yes,"Facebook, YouTube, Pinterest",Less than an Hour,3,4,3,3,4,3,3,3,3,3,2,2,False,True,False,True,False,False,False,True,False,ADHD,20
457,457,2022-05-13 22:43:21,56,Male,Married,Salaried Worker,Company,Yes,"Facebook, Twitter, YouTube, Pinterest",Between 2 and 3 hours,1,1,1,1,1,1,1,1,1,1,1,2,False,True,True,True,False,False,False,True,False,Other,22
458,458,2022-05-13 23:36:54,51,Male,Married,Salaried Worker,Private,Yes,"Facebook, Twitter, Instagram, YouTube",Between 1 and 2 hours,3,2,3,4,2,3,4,3,3,2,2,4,False,True,True,False,False,False,True,True,False,ADHD,23
459,459,2022-05-14 00:01:42,23,Female,Single,School Student,University,Yes,Facebook,Between 2 and 3 hours,3,3,3,3,3,2,2,3,3,4,2,2,False,True,False,False,False,False,False,False,False,ADHD,0
460,460,2022-05-14 02:16:01,21,Female,Single,University Student,University,Yes,"Facebook, YouTube, Discord",Between 4 and 5 hours,3,5,3,3,3,2,3,3,1,2,2,3,False,True,False,False,False,True,False,True,False,ADHD,2
462,462,2022-05-14 07:23:27,22,Female,Single,University Student,University,Yes,"Twitter, Instagram, YouTube",Between 3 and 4 hours,2,2,1,4,5,5,1,4,1,3,5,2,False,False,True,False,False,False,True,True,False,Anxiety,7
463,463,2022-05-14 11:26:56,28,Female,Married,Salaried Worker,Private,Yes,"Facebook, Instagram, YouTube, Pinterest",Between 2 and 3 hours,5,4,1,5,4,5,2,2,2,5,5,2,False,True,False,True,False,False,True,True,False,ADHD,11
464,464,2022-05-14 11:44:03,13,Male,Single,School Student,School,Yes,"Instagram, YouTube, Discord",Between 4 and 5 hours,3,4,1,3,3,1,1,3,1,3,3,4,False,False,False,False,False,True,True,True,False,ADHD,11
466,466,2022-05-14 12:12:16,13,Male,Single,School Student,School,Yes,"Twitter, Instagram, YouTube, Discord, Pinterest",More than 5 hours,4,4,3,4,2,4,2,3,2,2,3,2,False,False,True,True,False,True,True,True,False,ADHD,12
467,467,2022-05-14 13:40:14,23,Male,In a relationship,School Student,"University, Private",Yes,"Facebook, Instagram, YouTube, Discord",Between 4 and 5 hours,2,4,2,3,4,4,1,3,1,3,2,3,False,True,False,False,False,True,True,True,False,ADHD,13
469,469,2022-05-14 17:33:37,18,Male,Single,School Student,"School, N/A",Yes,Pinterest,More than 5 hours,2,3,1,3,5,3,5,1,2,5,2,1,False,False,False,True,False,False,False,False,False,ADHD,17
470,470,2022-05-14 17:33:57,15,Male,Single,School Student,School,Yes,"Instagram, YouTube, Discord, Reddit",Between 4 and 5 hours,1,1,1,3,3,3,3,3,3,1,1,1,False,False,False,False,False,True,True,True,True,Anxiety,17
472,472,2022-05-16 20:20:31,20,Female,Single,University Student,University,Yes,"Facebook, Instagram, YouTube",More than 5 hours,5,4,2,4,5,3,1,3,2,4,3,4,False,True,False,False,False,False,True,True,False,ADHD,20
474,474,2022-05-18 02:12:59,26,Female,Married,University Student,Unknown,Yes,"Facebook, YouTube, TikTok",Between 2 and 3 hours,4,4,3,3,4,4,4,5,3,4,3,4,True,True,False,False,False,False,False,True,False,ADHD,2
475,475,2022-05-21 22:19:10,30,Female,Married,Salaried Worker,University,Yes,"Facebook, Instagram, YouTube",Between 4 and 5 hours,2,4,4,3,4,5,4,2,2,4,2,1,False,True,False,False,False,False,True,True,False,ADHD,22
478,478,2022-05-22 00:01:05,26,Female,Married,Salaried Worker,University,Yes,"Facebook, YouTube",Between 1 and 2 hours,2,1,2,3,4,4,4,2,4,4,4,1,False,True,False,False,False,False,False,True,False,Anxiety,0
479,479,2022-05-22 10:29:21,29,Female,Married,Salaried Worker,University,Yes,"Facebook, YouTube",Between 2 and 3 hours,3,3,4,3,2,3,3,3,4,2,2,2,False,True,False,False,False,False,False,True,False,ADHD,10
481,481,2022-11-12 13:16:50,53,Male,Married,Salaried Worker,Private,Yes,"Facebook, YouTube",Less than an Hour,2,3,1,3,1,1,3,3,2,2,2,3,False,True,False,False,False,False,False,True,False,ADHD,13
