Id,Age,Gender,Relationship_Status,Occupation,Affiliated_Organizations,Social_Media_User,Platforms_Used,Daily_Time_Spent,No_purporse_scrolling_Frequency,Often_Distracted,Restlessness,Distraction_Rate,Worry_level_Rate,Difficulty_in_concentrating,Comparison_Rate,Comparison_Feelings,Seek_Validation,Often_Depressed,Daily_Interest_Rate,Sleep_Issues_Rate,use_tiktok,use_facebook,use_twitter,use_pinterest,use_snapchat,use_discord,use_instagram,use_youtube,use_reddit,Mental_Health_Disorders,hour
1,21,Male,In a relationship,University Student,University,Yes,"Facebook, Twitter, Instagram, YouTube, Discord, Reddit",Between 2 and 3 hours,5,3,2,5,2,5,2,3,2,5,4,5,False,True,True,False,False,True,True,True,True,ADHD,19
2,21,Female,Single,University Student,University,Yes,"Facebook, Twitter, Instagram, YouTube, Discord, Reddit",More than 5 hours,4,3,2,4,5,4,5,1,1,5,4,5,False,True,True,False,False,True,True,True,True,ADHD,19
3,21,Female,Single,University Student,University,Yes,"Facebook, Instagram, YouTube, Pinterest",Between 3 and 4 hours,3,2,1,2,5,4,3,3,1,4,2,5,False,True,False,True,False,False,True,True,False,ADHD,19
4,21,Female,Single,University Student,University,Yes,"Facebook, Instagram",More than 5 hours,4,2,1,3,5,3,5,1,2,4,3,2,False,True,False,False,False,False,True,False,False,ADHD,19
5,21,Female,Single,University Student,University,Yes,"Facebook, Instagram, YouTube",Between 2 and 3 hours,3,5,4,4,5,5,3,3,3,4,4,1,False,True,False,False,False,False,True,True,False,ADHD,19
6,22,Female,Single,University Student,University,Yes,"Facebook, Twitter, Instagram, YouTube, Discord, Pinterest, TikTok",Between 2 and 3 hours,4,4,2,3,4,3,4,4,3,3,2,4,True,True,True,True,False,True,True,True,False,ADHD,19
7,21,Female,Married,University Student,University,Yes,"Facebook, Instagram, YouTube, Snapchat, TikTok",Between 3 and 4 hours,4,3,2,2,4,3,5,3,4,5,5,3,True,True,False,False,True,False,True,True,False,ADHD,19
8,21,Female,In a relationship,University Student,University,Yes,"Facebook, Instagram, YouTube",More than 5 hours,5,2,3,3,3,1,1,3,1,5,5,1,False,True,False,False,False,False,True,True,False,ADHD,19
9,21,Female,In a relationship,University Student,University,Yes,"Facebook, Instagram, YouTube",More than 5 hours,5,2,3,3,1,1,1,3,1,5,5,1,False,True,False,False,False,False,True,True,False,ADHD,19
10,20,Male,Single,University Student,University,No,"Reddit, Pinterest",Less than an Hour,1,1,1,1,1,1,1,1,1,1,1,1,False,False,False,True,False,False,False,False,True,Other,19
11,24,Male,Single,University Student,University,Yes,"Facebook, Instagram, YouTube, Discord",Between 2 and 3 hours,5,5,2,4,3,5,4,2,3,5,4,5,False,True,False,False,False,True,True,True,False,ADHD,19
12,21,Female,Single,University Student,University,Yes,"Facebook, Instagram, YouTube, Snapchat, Discord, Reddit, Pinterest, TikTok",Between 3 and 4 hours,4,4,2,5,3,4,2,2,3,3,4,2,True,True,False,True,True,True,True,True,True,ADHD,19
13,22,Female,Single,University Student,University,Yes,"Facebook, Twitter, Instagram, YouTube, Snapchat, Discord, Reddit, Pinterest",Between 3 and 4 hours,3,4,2,4,4,2,4,2,1,3,1,5,False,True,True,True,True,True,True,True,True,ADHD,19
14,21,Female,Single,University Student,University,Yes,"Facebook, Twitter, Instagram, YouTube, Snapchat, Reddit, Pinterest",Between 3 and 4 hours,5,3,2,1,4,4,2,3,2,3,3,3,False,True,True,True,True,False,True,True,True,ADHD,19
15,22,Male,Single,University Student,University,Yes,"Facebook, YouTube, Pinterest",More than 5 hours,5,5,5,5,5,5,5,5,5,5,5,5,False,True,False,True,False,False,False,True,False,ADHD,19
16,23,Male,In a relationship,University Student,Private,Yes,"Facebook, Instagram, YouTube, Reddit",Between 1 and 2 hours,3,4,2,3,4,4,3,2,2,3,4,2,False,True,False,False,False,False,True,True,True,ADHD,20
17,21,Male,Single,University Student,University,Yes,"Facebook, YouTube, Discord",Less than an Hour,2,2,1,2,4,2,1,3,1,4,1,3,False,True,False,False,False,True,False,True,False,Anxiety,20
18,25,Male,Single,School Student,Unknown,Yes,"Facebook, Instagram, YouTube, Reddit",Between 4 and 5 hours,5,5,4,4,3,3,1,4,2,2,2,2,False,True,False,False,False,False,True,True,True,ADHD,20
19,28,Male,Single,University Student,University,Yes,"Facebook, YouTube, Discord, Reddit",Between 1 and 2 hours,3,4,2,4,5,5,2,3,1,3,3,1,False,True,False,False,False,True,False,True,True,ADHD,20
20,34,Male,Divorced,Salaried Worker,Private,Yes,"Facebook, Twitter, Instagram, YouTube",Between 1 and 2 hours,2,4,3,3,4,1,1,5,3,2,2,2,False,True,True,False,False,False,True,True,False,ADHD,20
21,22,Male,In a relationship,University Student,"School, University",Yes,"Facebook, Instagram, YouTube, Discord, Reddit",Between 2 and 3 hours,4,2,2,3,3,2,2,2,1,2,3,2,False,True,False,False,False,True,True,True,True,ADHD,20
22,23,Male,Single,University Student,University,Yes,"Facebook, Twitter, Instagram, YouTube, Discord, Reddit, TikTok",More than 5 hours,3,2,4,2,4,2,5,2,1,3,3,1,True,True,True,False,False,True,True,True,True,ADHD,20
23,26,Female,Single,University Student,University,Yes,"Facebook, Instagram, YouTube, Pinterest",Between 3 and 4 hours,3,4,3,3,4,4,4,3,3,4,4,4,False,True,False,True,False,False,True,True,False,ADHD,20
24,23,Female,Married,University Student,University,Yes,"Facebook, Instagram, YouTube, Snapchat, Pinterest",Between 1 and 2 hours,3,2,2,4,4,3,3,2,3,4,4,1,False,True,False,True,True,False,True,True,False,ADHD,20
25,23,Male,Single,University Student,Unknown,Yes,"Facebook, Twitter, YouTube, Discord",Between 3 and 4 hours,3,3,5,5,5,5,4,1,3,3,5,5,False,True,True,False,False,True,False,True,False,ADHD,20
26,35,Female,Married,Salaried Worker,"School, University",Yes,"Facebook, YouTube",Between 3 and 4 hours,4,4,3,3,3,3,4,4,4,4,2,2,False,True,False,False,False,False,False,True,False,ADHD,20
27,20,Male,Single,University Student,University,Yes,"Facebook, Instagram, YouTube, Discord",Between 3 and 4 hours,4,4,3,3,3,4,2,3,3,4,3,4,False,True,False,False,False,True,True,True,False,ADHD,20
28,35,Male,Married,Salaried Worker,Company,Yes,"Facebook, Twitter, Instagram, YouTube",Between 2 and 3 hours,2,4,4,4,4,4,4,4,4,4,4,5,False,True,True,False,False,False,True,True,False,ADHD,20
29,22,Female,In a relationship,University Student,University,Yes,"Facebook, Instagram, YouTube, Snapchat, Discord, Pinterest, TikTok",Between 4 and 5 hours,3,4,3,4,5,4,4,3,2,4,4,1,True,True,False,True,True,True,True,True,False,ADHD,20
30,21,Female,Single,University Student,University,Yes,"Facebook, Instagram, YouTube, Snapchat, Discord",Between 3 and 4 hours,4,4,5,5,5,4,4,4,3,5,4,1,False,True,False,False,True,True,True,True,False,ADHD,20
31,22,Female,In a relationship,University Student,University,Yes,"Facebook, Instagram, YouTube, Discord",Between 3 and 4 hours,4,4,3,3,5,4,5,2,3,5,4,3,False,True,False,False,False,True,True,True,False,ADHD,20
32,35,Male,Married,Salaried Worker,Private,Yes,"Facebook, YouTube, Pinterest",Between 2 and 3 hours,3,4,3,3,3,2,2,2,2,3,4,2,False,True,False,True,False,False,False,True,False,ADHD,20
33,24,Male,Single,Salaried Worker,Private,Yes,"Facebook, Instagram, YouTube, TikTok",Between 2 and 3 hours,3,3,3,3,3,4,2,3,3,2,3,3,True,True,False,False,False,False,True,True,False,ADHD,20
34,18,Female,Single,School Student,"School, Private",Yes,"Facebook, Instagram, YouTube, Discord, Pinterest",Between 2 and 3 hours,4,3,3,3,4,3,3,2,4,3,3,2,False,True,False,True,False,True,True,True,False,ADHD,20
35,19,Female,Single,University Student,University,Yes,"Facebook, Instagram, YouTube, Discord",Between 3 and 4 hours,5,5,5,5,5,5,2,3,1,5,4,4,False,True,False,False,False,True,True,True,False,ADHD,20
36,21,Others,Single,University Student,University,Yes,"Facebook, Twitter, Instagram, YouTube, Discord",More than 5 hours,3,4,5,4,4,5,1,3,1,4,2,1,False,True,True,False,False,True,True,True,False,ADHD,20
37,21,Male,Single,University Student,University,Yes,"Facebook, Instagram",Between 3 and 4 hours,5,3,4,3,2,3,5,3,4,3,3,1,False,True,False,False,False,False,True,False,False,ADHD,20
38,23,Male,Single,University Student,University,Yes,"Facebook, Twitter, Instagram, YouTube, Snapchat, Discord, Reddit",Less than an Hour,2,3,1,1,1,3,1,3,1,5,4,5,False,True,True,False,True,True,True,True,True,ADHD,21
39,22,Female,Single,University Student,University,Yes,"Facebook, Instagram, YouTube, Snapchat, Pinterest",Between 3 and 4 hours,4,5,5,4,4,4,2,3,3,2,2,5,False,True,False,True,True,False,True,True,False,ADHD,21
40,22,Male,Single,University Student,"University, Company",Yes,"Facebook, YouTube, Discord",Between 2 and 3 hours,4,4,2,4,3,5,1,3,1,1,3,4,False,True,False,False,False,True,False,True,False,ADHD,21
41,21,Female,Single,University Student,University,Yes,"Facebook, Instagram, YouTube, Snapchat",Between 1 and 2 hours,1,1,1,1,1,1,2,1,2,3,3,1,False,True,False,False,True,False,True,True,False,Depression,21
42,21,Female,Single,University Student,University,Yes,"Facebook, Instagram, YouTube, Snapchat",Between 3 and 4 hours,3,5,2,3,3,3,3,4,2,4,2,2,False,True,False,False,True,False,True,True,False,ADHD,21
43,56,Female,Married,Retired,Unknown,Yes,YouTube,Between 1 and 2 hours,1,1,1,1,3,1,1,3,1,2,3,1,False,False,False,False,False,False,False,True,False,Anxiety,21
44,19,Female,Single,School Student,"School, University",Yes,"Facebook, Instagram, YouTube, Snapchat, Pinterest",More than 5 hours,3,2,4,4,5,4,5,2,1,5,4,2,False,True,False,True,True,False,True,True,False,ADHD,21
45,24,Male,Single,Salaried Worker,Private,Yes,"Twitter, Discord, Reddit",More than 5 hours,5,1,1,3,3,3,1,3,3,3,3,3,False,False,True,False,False,True,False,False,True,ADHD,21
46,22,Female,In a relationship,University Student,University,Yes,"Facebook, Instagram, YouTube",More than 5 hours,4,5,4,4,5,2,3,3,3,3,2,3,False,True,False,False,False,False,True,True,False,ADHD,21
47,65,Male,Married,Retired,Goverment,Yes,"Facebook, YouTube",Between 3 and 4 hours,5,3,2,2,2,1,3,4,3,1,3,2,False,True,False,False,False,False,False,True,False,ADHD,21
48,17,Female,Single,School Student,Unknown,Yes,"Instagram, YouTube, Reddit, Pinterest",Between 3 and 4 hours,4,3,1,3,5,3,4,2,1,3,5,1,False,False,False,True,False,False,True,True,True,ADHD,22
49,40,Male,Married,Salaried Worker,"Company, Private",Yes,"Twitter, YouTube, Reddit",Between 2 and 3 hours,3,3,3,3,2,3,2,3,1,2,2,1,False,False,True,False,False,False,False,True,True,ADHD,22
50,33,Female,Single,Salaried Worker,School,Yes,"Facebook, YouTube",Between 3 and 4 hours,3,3,1,3,2,1,2,2,1,1,1,1,False,True,False,False,False,False,False,True,False,ADHD,22
51,22,Female,Single,University Student,University,Yes,"Facebook, Twitter, Instagram, YouTube, Snapchat, Discord, Reddit, Pinterest, TikTok",Between 3 and 4 hours,4,4,3,4,3,2,1,3,3,3,4,4,True,True,True,True,True,True,True,True,True,ADHD,22
52,24,Male,Single,Salaried Worker,Company,Yes,"YouTube, Snapchat, Discord",More than 5 hours,5,5,5,5,4,5,2,2,1,3,5,1,False,False,False,False,True,True,False,True,False,ADHD,22
53,26,Male,Single,University Student,University,Yes,Facebook,Less than an Hour,3,5,3,5,5,5,5,5,5,5,5,5,False,True,False,False,False,False,False,False,False,ADHD,22
54,55,Male,Married,Salaried Worker,Private,Yes,"Discord, Reddit",Between 1 and 2 hours,3,2,1,3,2,1,1,3,1,1,2,1,False,False,False,False,False,True,False,False,True,ADHD,22
55,26,Male,In a relationship,Salaried Worker,Company,No,"YouTube, Discord, Reddit",Between 1 and 2 hours,4,1,1,2,2,1,1,3,1,1,3,2,False,False,False,False,False,True,False,True,True,ADHD,22
56,27,Male,Single,University Student,University,Yes,"Facebook, Twitter, Instagram, YouTube, Snapchat, Reddit, TikTok",More than 5 hours,2,5,5,4,4,5,3,3,4,5,2,3,True,True,True,False,True,False,True,True,True,ADHD,22
57,22,Male,Married,University Student,"School, University",Yes,"Facebook, Instagram, YouTube, Snapchat, Discord, Reddit",More than 5 hours,3,2,1,2,4,2,1,3,1,3,4,2,False,True,False,False,True,True,True,True,True,ADHD,22
58,19,Female,Single,School Student,School,Yes,"Facebook, Instagram, YouTube, Discord, Pinterest",Between 2 and 3 hours,3,2,2,2,4,3,3,3,2,4,4,5,False,True,False,True,False,True,True,True,False,ADHD,22
59,22,Female,Married,University Student,University,Yes,"Facebook, Twitter, Instagram, YouTube, Snapchat, Discord, Reddit, Pinterest, TikTok",Between 2 and 3 hours,4,5,2,4,4,4,3,3,4,5,4,2,True,True,True,True,True,True,True,True,True,ADHD,22
60,20,Female,Married,University Student,University,Yes,"Instagram, Reddit",Between 1 and 2 hours,1,1,1,2,2,2,1,3,1,1,3,5,False,False,False,False,False,False,True,False,True,Depression,23
61,25,Female,Single,University Student,University,Yes,"Facebook, Twitter, Instagram, YouTube, Discord",More than 5 hours,4,3,3,4,4,4,2,2,2,4,3,4,False,True,True,False,False,True,True,True,False,ADHD,23
62,25,Female,Married,University Student,University,Yes,"YouTube, Reddit",Between 1 and 2 hours,2,2,1,3,5,4,5,2,4,4,5,4,False,False,False,False,False,False,False,True,True,Anxiety,23
63,18,Female,Single,University Student,University,Yes,"Facebook, Instagram, YouTube, Pinterest",More than 5 hours,4,4,3,5,4,3,1,3,1,5,4,5,False,True,False,True,False,False,True,True,False,ADHD,23
64,25,Male,Single,Salaried Worker,Unknown,Yes,Reddit,Between 1 and 2 hours,3,1,1,3,2,4,1,3,1,5,1,5,False,False,False,False,False,False,False,False,True,ADHD,23
65,19,Female,Single,University Student,Unknown,Yes,"Discord, Reddit",Between 2 and 3 hours,2,3,1,5,3,5,1,3,1,1,5,4,False,False,False,False,False,True,False,False,True,ADHD,23
66,24,Male,In a relationship,School Student,University,Yes,"YouTube, Discord, Reddit",Between 1 and 2 hours,3,2,4,3,2,2,1,3,2,2,4,4,False,False,False,False,False,True,False,True,True,ADHD,23
67,21,Male,In a relationship,University Student,University,Yes,"Facebook, Instagram, Reddit, TikTok",Between 3 and 4 hours,5,5,5,5,5,5,5,2,4,4,4,1,True,True,False,False,False,False,True,False,True,ADHD,23
68,18,Others,Single,School Student,School,Yes,"Twitter, Instagram, YouTube, Reddit, TikTok",Between 2 and 3 hours,2,1,2,3,5,3,2,3,2,4,2,4,True,False,True,False,False,False,True,True,True,Anxiety,0
69,14,Male,Single,School Student,School,Yes,Reddit,Between 1 and 2 hours,4,2,2,3,5,3,3,4,2,4,4,4,False,False,False,False,False,False,False,False,True,ADHD,0
70,25,Male,Single,University Student,University,Yes,"YouTube, Snapchat, Discord, Reddit",Between 3 and 4 hours,4,4,3,3,3,2,3,2,2,3,4,4,False,False,False,False,True,True,False,True,True,ADHD,0
71,33,Male,Married,Salaried Worker,Private,Yes,"Instagram, YouTube",Between 3 and 4 hours,2,4,3,2,2,2,1,1,1,1,2,2,False,False,False,False,False,False,True,True,False,ADHD,0
72,23,Male,Single,School Student,"University, Company",Yes,"Instagram, YouTube, Discord, Reddit",Between 2 and 3 hours,5,5,5,5,5,5,5,5,5,5,5,5,False,False,False,False,False,True,True,True,True,ADHD,0
73,14,Female,Single,School Student,School,Yes,"Twitter, Instagram, YouTube, Snapchat, Reddit, Pinterest, TikTok",More than 5 hours,4,4,2,2,4,2,4,2,4,4,4,5,True,False,True,True,True,False,True,True,True,ADHD,0
74,38,Male,Married,Salaried Worker,University,Yes,"Twitter, YouTube, Discord, Reddit",Between 1 and 2 hours,5,2,1,3,2,1,1,3,1,2,1,2,False,False,True,False,False,True,False,True,True,ADHD,0
75,23,Female,Single,Retired,Unknown,Yes,"Facebook, YouTube, Discord, Reddit",Between 4 and 5 hours,4,4,3,3,4,5,3,2,4,5,5,4,False,True,False,False,False,True,False,True,True,ADHD,1
76,26,Male,Single,Salaried Worker,Company,Yes,Reddit,Less than an Hour,2,1,1,3,2,1,1,1,1,2,3,4,False,False,False,False,False,False,False,False,True,Depression,1
77,24,Male,Single,University Student,University,Yes,"Facebook, YouTube, Reddit",Between 2 and 3 hours,4,5,3,4,3,2,2,3,4,5,4,2,False,True,False,False,False,False,False,True,True,ADHD,1
78,21,Female,Single,University Student,University,Yes,"Facebook, Twitter, Instagram, YouTube, Snapchat, Discord, TikTok",Between 3 and 4 hours,4,3,4,4,5,4,5,1,2,4,4,2,True,True,True,False,True,True,True,True,False,ADHD,2
79,18,Female,Single,University Student,"University, Goverment, Private",Yes,"Facebook, YouTube, Reddit",Between 3 and 4 hours,4,3,3,3,5,5,4,3,1,5,5,5,False,True,False,False,False,False,False,True,True,ADHD,2
80,28,Male,Single,University Student,University,Yes,"Facebook, YouTube, Discord, Reddit",Between 3 and 4 hours,2,5,4,3,5,5,5,2,1,5,3,5,False,True,False,False,False,True,False,True,True,ADHD,2
81,22,Male,Single,University Student,Unknown,Yes,"Twitter, Instagram, YouTube, Snapchat, Discord, Reddit",Between 2 and 3 hours,4,4,4,5,5,5,3,3,1,4,4,5,False,False,True,False,True,True,True,True,True,ADHD,2
82,21,Male,Single,University Student,University,Yes,"Facebook, Instagram, YouTube, Snapchat, Discord, Reddit, Pinterest",More than 5 hours,4,4,2,5,4,4,3,3,2,1,5,4,False,True,False,True,True,True,True,True,True,ADHD,3
83,21,Male,Single,University Student,University,Yes,"Instagram, YouTube, Snapchat, Discord, Reddit",More than 5 hours,5,5,3,5,4,5,2,3,2,4,5,2,False,False,False,False,True,True,True,True,True,ADHD,4
84,21,Female,In a relationship,University Student,"University, Company, Private",Yes,"Facebook, Instagram, YouTube, Pinterest",Between 4 and 5 hours,3,5,5,5,3,5,4,4,3,4,5,5,False,True,False,True,False,False,True,True,False,ADHD,5
85,17,Male,Single,School Student,School,Yes,"Facebook, Twitter, Instagram, YouTube, Reddit",Between 2 and 3 hours,4,4,3,4,5,4,3,2,4,2,4,2,False,True,True,False,False,False,True,True,True,ADHD,6
86,24,Others,Single,Salaried Worker,Unknown,Yes,"YouTube, Reddit",Between 2 and 3 hours,4,3,2,3,5,2,3,2,2,4,3,1,False,False,False,False,False,False,False,True,True,ADHD,7
87,22,Female,In a relationship,University Student,University,Yes,"Facebook, YouTube",Between 1 and 2 hours,3,4,3,4,1,3,1,2,2,2,4,4,False,True,False,False,False,False,False,True,False,ADHD,8
88,32,Female,Married,Salaried Worker,Company,Yes,Reddit,Between 1 and 2 hours,4,3,2,5,2,5,2,4,1,1,2,1,False,False,False,False,False,False,False,False,True,ADHD,8
89,22,Male,Single,University Student,University,Yes,"Facebook, YouTube",Between 2 and 3 hours,5,4,2,2,1,3,1,3,5,3,2,2,False,True,False,False,False,False,False,True,False,ADHD,8
90,20,Female,In a relationship,University Student,University,Yes,"Facebook, Instagram, YouTube, Snapchat, Pinterest",Between 2 and 3 hours,4,5,4,5,5,5,4,2,4,5,5,4,False,True,False,True,True,False,True,True,False,ADHD,9
91,22,Male,In a relationship,University Student,University,Yes,"Facebook, Instagram, YouTube, Snapchat",Between 2 and 3 hours,3,5,2,4,4,4,2,3,2,4,4,3,False,True,False,False,True,False,True,True,False,ADHD,9
92,28,Female,Single,University Student,University,Yes,"Facebook, YouTube",Between 3 and 4 hours,4,5,4,5,5,5,2,3,2,4,5,2,False,True,False,False,False,False,False,True,False,ADHD,9
93,22,Female,Single,University Student,University,Yes,"Facebook, Twitter, Instagram, YouTube, Snapchat",More than 5 hours,4,3,3,4,5,4,1,3,2,4,2,1,False,True,True,False,True,False,True,True,False,ADHD,9
94,17,Others,Single,School Student,School,Yes,"Twitter, Instagram, YouTube, Snapchat, Discord, Reddit, TikTok",Between 4 and 5 hours,4,4,3,4,2,4,3,2,2,3,3,5,True,False,True,False,True,True,True,True,True,ADHD,10
95,30,Female,Single,Salaried Worker,University,Yes,Instagram,Between 4 and 5 hours,4,5,3,2,4,4,3,3,3,4,4,4,False,False,False,False,False,False,True,False,False,ADHD,10
96,22,Male,Single,University Student,University,Yes,"Facebook, Instagram, YouTube, Snapchat, Discord",More than 5 hours,5,5,1,3,2,5,2,1,1,3,1,5,False,True,False,False,True,True,True,True,False,ADHD,10
97,14,Male,Single,School Student,School,Yes,"Instagram, YouTube, Discord",Between 4 and 5 hours,5,5,2,4,2,3,1,3,1,1,3,5,False,False,False,False,False,True,True,True,False,ADHD,13
98,20,Male,Single,School Student,Unknown,Yes,"YouTube, Reddit",More than 5 hours,4,2,1,2,1,1,2,2,1,4,3,2,False,False,False,False,False,False,False,True,True,ADHD,14
99,22,Female,Single,School Student,University,Yes,"Facebook, Instagram, YouTube, Pinterest",More than 5 hours,4,4,4,4,4,5,5,3,4,5,5,3,False,True,False,True,False,False,True,True,False,ADHD,14
100,16,Male,Single,School Student,School,Yes,"Facebook, Instagram, YouTube, Snapchat, Discord, TikTok",Between 4 and 5 hours,4,5,2,5,3,4,3,1,4,2,1,3,True,True,False,False,True,True,True,True,False,ADHD,14
101,22,Female,In a relationship,University Student,"University, Company",Yes,"Facebook, Twitter, Instagram, YouTube",Between 2 and 3 hours,3,4,3,4,4,3,2,2,3,3,2,3,False,True,True,False,False,False,True,True,False,ADHD,16
102,22,Male,In a relationship,University Student,University,Yes,"Facebook, Twitter, Instagram, YouTube, Snapchat, Discord, Reddit, Pinterest",Between 1 and 2 hours,5,4,3,4,4,2,1,1,1,5,3,5,False,True,True,True,True,True,True,True,True,ADHD,19
103,22,Male,Single,University Student,University,Yes,Instagram,Between 3 and 4 hours,3,4,3,3,4,3,2,3,3,4,3,3,False,False,False,False,False,False,True,False,False,ADHD,19
104,22,Male,Single,University Student,University,Yes,"Facebook, Twitter, Instagram, YouTube, Snapchat, Pinterest",Between 1 and 2 hours,4,3,4,3,5,5,3,3,4,3,5,5,False,True,True,True,True,False,True,True,False,ADHD,19
105,21,Female,Single,University Student,University,Yes,"Facebook, Instagram, YouTube, Snapchat, Pinterest",Between 4 and 5 hours,2,3,4,3,3,3,3,4,4,1,3,3,False,True,False,True,True,False,True,True,False,ADHD,19
106,23,Female,Single,University Student,University,Yes,"Facebook, YouTube",Between 4 and 5 hours,2,3,4,3,3,3,3,4,3,2,4,5,False,True,False,False,False,False,False,True,False,ADHD,19
107,23,Female,Single,University Student,University,Yes,"Facebook, Instagram, TikTok",Between 2 and 3 hours,3,2,2,4,2,2,1,3,3,3,4,5,True,True,False,False,False,False,True,False,False,ADHD,20
108,48,Female,Married,Salaried Worker,School,Yes,"Facebook, YouTube",Between 1 and 2 hours,1,1,1,1,3,2,1,3,2,1,1,1,False,True,False,False,False,False,False,True,False,Anxiety,20
109,21,Female,In a relationship,University Student,Unknown,Yes,"Facebook, Instagram, YouTube, Snapchat",Between 3 and 4 hours,3,2,1,3,2,3,2,1,3,2,2,5,False,True,False,False,True,False,True,True,False,ADHD,20
110,47,Female,Married,Salaried Worker,Goverment,Yes,"Facebook, Instagram, YouTube, Pinterest",Between 2 and 3 hours,4,3,3,3,2,2,2,3,3,3,3,3,False,True,False,True,False,False,True,True,False,ADHD,20
111,48,Male,Married,Salaried Worker,Private,Yes,"Facebook, Instagram, YouTube",Between 2 and 3 hours,3,3,4,4,4,4,4,3,3,2,3,3,False,True,False,False,False,False,True,True,False,ADHD,20
112,26,Female,Single,Salaried Worker,Private,Yes,"Facebook, Instagram, YouTube, Pinterest",More than 5 hours,4,5,4,4,5,3,5,4,3,4,2,3,False,True,False,True,False,False,True,True,False,ADHD,20
113,47,Male,Married,Salaried Worker,Company,Yes,"Facebook, YouTube",Between 2 and 3 hours,4,3,4,4,3,3,2,3,1,2,2,4,False,True,False,False,False,False,False,True,False,ADHD,20
114,47,Male,Married,Salaried Worker,"University, Private",Yes,"Facebook, Instagram, Snapchat",Between 1 and 2 hours,2,4,3,3,3,3,3,3,2,2,3,4,False,True,False,False,True,False,True,False,False,ADHD,20
115,27,Female,Single,Salaried Worker,School,Yes,"Facebook, Instagram, YouTube, Snapchat",More than 5 hours,2,5,4,4,3,2,5,1,4,4,4,1,False,True,False,False,True,False,True,True,False,ADHD,20
116,34,Female,Married,Salaried Worker,School,Yes,Facebook,More than 5 hours,5,5,4,5,3,1,3,3,3,2,5,4,False,True,False,False,False,False,False,False,False,ADHD,20
117,20,Female,Single,University Student,University,Yes,"Facebook, Instagram",Between 2 and 3 hours,5,5,5,5,5,5,3,1,1,3,3,5,False,True,False,False,False,False,True,False,False,ADHD,21
118,22,Female,Single,University Student,University,Yes,Facebook,More than 5 hours,5,4,5,4,5,4,3,3,4,3,3,4,False,True,False,False,False,False,False,False,False,ADHD,21
119,23,Female,In a relationship,University Student,University,Yes,"Facebook, Instagram, YouTube, Snapchat, Discord, TikTok",More than 5 hours,5,5,5,5,5,4,5,5,4,5,4,5,True,True,False,False,True,True,True,True,False,ADHD,21
120,20,Male,Single,University Student,University,Yes,"Facebook, Instagram, YouTube",Between 4 and 5 hours,4,5,3,4,3,5,2,3,3,4,4,5,False,True,False,False,False,False,True,True,False,ADHD,21
121,48,Female,Married,Salaried Worker,Private,Yes,"Facebook, Instagram",Less than an Hour,2,4,1,3,2,1,1,3,2,1,1,1,False,True,False,False,False,False,True,False,False,ADHD,21
122,20,Female,Single,University Student,University,Yes,"Facebook, Instagram, YouTube, TikTok",Between 3 and 4 hours,4,3,1,2,4,2,4,2,1,3,3,3,True,True,False,False,False,False,True,True,False,ADHD,21
123,20,Female,Single,University Student,University,Yes,"Facebook, YouTube, Snapchat, Pinterest",Between 4 and 5 hours,4,5,5,5,2,5,2,3,1,5,4,3,False,True,False,True,True,False,False,True,False,ADHD,21
124,22,Female,Single,University Student,University,Yes,"Facebook, Instagram, YouTube, Snapchat",More than 5 hours,4,5,4,5,5,5,3,1,1,4,2,2,False,True,False,False,True,False,True,True,False,ADHD,21
125,22,Female,Single,University Student,"University, N/A",Yes,Instagram,More than 5 hours,5,5,3,3,2,3,4,5,4,1,4,1,False,False,False,False,False,False,True,False,False,ADHD,21
126,20,Female,Single,University Student,Goverment,Yes,"Facebook, Instagram, YouTube, Snapchat",More than 5 hours,4,4,3,5,4,3,2,2,2,4,5,3,False,True,False,False,True,False,True,True,False,ADHD,21
127,24,Male,Single,University Student,University,Yes,"Facebook, Twitter, Instagram, YouTube, Snapchat, Discord",Between 2 and 3 hours,1,1,3,3,4,4,3,3,2,4,4,4,False,True,True,False,True,True,True,True,False,Anxiety,21
128,23,Female,Single,University Student,University,Yes,"Facebook, Instagram, YouTube, Snapchat, Pinterest, TikTok",More than 5 hours,3,2,4,3,5,3,5,1,4,4,2,5,True,True,False,True,True,False,True,True,False,ADHD,21
129,20,Female,Single,University Student,Unknown,Yes,"Facebook, Instagram, YouTube",Between 3 and 4 hours,5,2,1,2,1,1,5,1,1,4,5,3,False,True,False,False,False,False,True,True,False,ADHD,21
130,16,Male,Single,School Student,School,Yes,"Instagram, YouTube, Snapchat, Pinterest",Between 2 and 3 hours,3,1,2,3,3,2,2,4,1,3,3,2,False,False,False,True,True,False,True,True,False,ADHD,21
131,50,Female,Single,Salaried Worker,School,Yes,"Facebook, Instagram, YouTube, Discord, Pinterest",Between 2 and 3 hours,2,1,1,3,3,2,1,4,3,1,1,4,False,True,False,True,False,True,True,True,False,Anxiety,21
132,47,Male,Married,Salaried Worker,Private,Yes,"Facebook, YouTube",Between 1 and 2 hours,4,2,2,3,2,1,4,2,3,3,2,2,False,True,False,False,False,False,False,True,False,ADHD,21
133,24,Male,Single,Salaried Worker,Private,Yes,"Facebook, Twitter, Instagram, YouTube",Between 2 and 3 hours,3,3,2,3,4,3,2,4,2,3,1,4,False,True,True,False,False,False,True,True,False,ADHD,21
134,38,Female,Married,Salaried Worker,School,Yes,Facebook,Less than an Hour,3,2,3,2,2,1,3,1,1,2,1,1,False,True,False,False,False,False,False,False,False,ADHD,21
135,50,Male,Divorced,Salaried Worker,Private,No,"Instagram, YouTube",Between 1 and 2 hours,2,1,1,2,2,2,1,4,1,2,2,1,False,False,False,False,False,False,True,True,False,Other,22
136,49,Male,Married,Retired,Private,Yes,"Facebook, Twitter, Instagram, YouTube, Pinterest",Between 4 and 5 hours,5,5,3,3,4,3,3,3,3,4,4,5,False,True,True,True,False,False,True,True,False,ADHD,22
137,47,Female,Married,Salaried Worker,Goverment,Yes,"Facebook, YouTube, Pinterest",Between 2 and 3 hours,3,3,3,3,3,2,1,3,1,1,1,4,False,True,False,True,False,False,False,True,False,ADHD,22
138,48,Female,Married,Salaried Worker,"Company, Private",Yes,"Facebook, Twitter, Instagram, YouTube, Pinterest",Between 2 and 3 hours,3,3,1,3,1,1,1,1,1,1,1,1,False,True,True,True,False,False,True,True,False,ADHD,22
139,51,Male,Married,Salaried Worker,Private,Yes,"Facebook, Twitter, Instagram, YouTube, Snapchat, Pinterest",Between 1 and 2 hours,4,3,2,3,3,4,3,3,3,3,3,3,False,True,True,True,True,False,True,True,False,ADHD,22
140,50,Male,Married,Salaried Worker,Company,Yes,"Facebook, Twitter, Instagram, YouTube",Between 3 and 4 hours,4,3,4,5,5,4,3,4,3,4,4,2,False,True,True,False,False,False,True,True,False,ADHD,22
141,47,Female,Married,Salaried Worker,Private,Yes,"Facebook, Twitter, Instagram, YouTube, Pinterest",Between 3 and 4 hours,3,2,2,2,2,2,3,4,1,1,2,1,False,True,True,True,False,False,True,True,False,ADHD,22
142,27,Female,Married,Salaried Worker,Private,Yes,"Facebook, Instagram, YouTube",Between 4 and 5 hours,4,5,2,5,5,5,5,2,3,3,5,4,False,True,False,False,False,False,True,True,False,ADHD,22
143,40,Female,Single,Salaried Worker,Private,Yes,"Facebook, Twitter, Instagram, YouTube",Between 1 and 2 hours,4,2,1,2,4,3,3,3,3,4,3,1,False,True,True,False,False,False,True,True,False,ADHD,22
144,46,Male,Divorced,Salaried Worker,Private,Yes,"Facebook, Twitter, Instagram, YouTube, Snapchat",Less than an Hour,3,1,1,1,2,1,1,3,5,2,2,2,False,True,True,False,True,False,True,True,False,ADHD,22
145,21,Female,Single,University Student,"University, Private",Yes,"Facebook, Instagram, YouTube, Snapchat, Discord",Between 4 and 5 hours,4,3,4,3,3,2,5,2,3,5,5,5,False,True,False,False,True,True,True,True,False,ADHD,22
146,47,Female,Married,Salaried Worker,Private,Yes,Facebook,Between 1 and 2 hours,4,4,3,3,2,2,4,2,3,3,3,3,False,True,False,False,False,False,False,False,False,ADHD,22
147,20,Female,In a relationship,University Student,University,Yes,"Facebook, Twitter, Instagram, YouTube, Snapchat, Discord, Pinterest",More than 5 hours,4,4,3,4,4,4,5,1,4,4,3,4,False,True,True,True,True,True,True,True,False,ADHD,23
148,47,Female,Married,Salaried Worker,University,Yes,"Facebook, Twitter, Instagram, YouTube",Between 1 and 2 hours,3,4,3,4,5,4,2,2,1,2,3,2,False,True,True,False,False,False,True,True,False,ADHD,23
149,48,Male,Married,Salaried Worker,Private,Yes,"Facebook, Instagram, YouTube",Between 3 and 4 hours,3,3,3,3,2,2,3,3,3,2,3,2,False,True,False,False,False,False,True,True,False,ADHD,23
150,49,Male,Married,Salaried Worker,Company,Yes,"Facebook, YouTube",Between 4 and 5 hours,4,3,2,2,2,2,2,4,2,2,2,4,False,True,False,False,False,False,False,True,False,ADHD,23
151,21,Male,In a relationship,University Student,"University, Private",Yes,"Facebook, YouTube, Discord",Between 3 and 4 hours,3,2,1,1,2,2,2,4,3,2,2,2,False,True,False,False,False,True,False,True,False,ADHD,23
152,32,Female,Married,Salaried Worker,School,Yes,"Facebook, Instagram, YouTube, Discord, Pinterest",Between 4 and 5 hours,5,2,4,3,2,1,1,5,1,1,2,5,False,True,False,True,False,True,True,True,False,ADHD,23
153,47,Female,Married,Salaried Worker,University,Yes,"Twitter, Instagram, YouTube",Between 2 and 3 hours,3,1,2,3,2,2,3,3,2,2,2,3,False,False,True,False,False,False,True,True,False,ADHD,23
154,50,Male,Married,Salaried Worker,Private,Yes,"Facebook, Twitter, YouTube",Between 1 and 2 hours,1,1,2,3,2,2,1,1,3,3,2,2,False,True,True,False,False,False,False,True,False,Depression,23
155,48,Male,Divorced,Salaried Worker,Private,Yes,"Facebook, Twitter, Instagram, YouTube",Less than an Hour,5,1,1,2,4,2,1,3,3,4,2,5,False,True,True,False,False,False,True,True,False,ADHD,0
156,21,Female,In a relationship,University Student,"University, Company, Private",Yes,"Facebook, Instagram, YouTube, Pinterest",Between 3 and 4 hours,2,2,1,5,4,5,3,3,2,3,5,4,False,True,False,True,False,False,True,True,False,Anxiety,0
157,47,Male,Married,Salaried Worker,Company,Yes,Twitter,Less than an Hour,1,1,2,5,3,4,2,3,1,2,4,4,False,False,True,False,False,False,False,False,False,Anxiety,0
158,36,Female,Married,Salaried Worker,School,Yes,YouTube,Between 2 and 3 hours,3,2,1,2,4,4,1,1,1,1,1,4,False,False,False,False,False,False,False,True,False,ADHD,0
159,37,Female,Married,Retired,Private,Yes,"Facebook, Instagram, YouTube",Between 1 and 2 hours,3,1,2,2,1,3,1,2,2,4,2,4,False,True,False,False,False,False,True,True,False,ADHD,0
160,19,Female,In a relationship,School Student,School,Yes,Facebook,Between 4 and 5 hours,5,4,4,3,5,4,2,5,4,4,5,5,False,True,False,False,False,False,False,False,False,ADHD,1
161,30,Male,In a relationship,Salaried Worker,Company,Yes,"Facebook, Instagram, YouTube",Between 1 and 2 hours,4,2,1,2,2,1,4,2,2,2,2,5,False,True,False,False,False,False,True,True,False,ADHD,1
162,48,Male,Married,Salaried Worker,Private,Yes,"Facebook, Twitter, Instagram, YouTube, Snapchat, Discord, Reddit, Pinterest, TikTok",Less than an Hour,3,1,1,1,1,1,5,3,2,1,5,2,True,True,True,True,True,True,True,True,True,ADHD,2
163,48,Female,Married,Retired,Unknown,Yes,"Facebook, Instagram, YouTube, Pinterest, TikTok",More than 5 hours,4,5,5,5,4,5,3,3,2,3,5,4,True,True,False,True,False,False,True,True,False,ADHD,2
164,48,Male,Married,Salaried Worker,Company,Yes,"Twitter, YouTube",Between 3 and 4 hours,3,2,3,3,4,3,2,3,2,3,3,4,False,False,True,False,False,False,False,True,False,ADHD,3
165,47,Male,Married,Salaried Worker,"University, Company",Yes,"Twitter, Instagram, YouTube, Reddit, TikTok",Between 2 and 3 hours,3,2,3,5,5,5,2,5,2,3,2,4,True,False,True,False,False,False,True,True,True,ADHD,4
166,47,Female,Married,Salaried Worker,Company,Yes,"Facebook, Twitter",Less than an Hour,2,2,2,3,2,2,4,3,2,2,2,2,False,True,True,False,False,False,False,False,False,Low Self Esteem,4
167,48,Male,Married,Salaried Worker,Unknown,Yes,"Facebook, YouTube, Pinterest",Less than an Hour,5,1,1,2,2,1,1,1,1,2,1,4,False,True,False,True,False,False,False,True,False,ADHD,5
168,21,Male,Single,University Student,"School, University, Private",Yes,"Facebook, Twitter, Instagram, YouTube, Pinterest",Between 2 and 3 hours,2,4,2,3,2,1,3,5,3,2,1,4,False,True,True,True,False,False,True,True,False,ADHD,6
169,48,Male,Married,Salaried Worker,Private,Yes,"Twitter, YouTube",Between 1 and 2 hours,2,2,1,2,1,1,2,3,1,1,2,2,False,False,True,False,False,False,False,True,False,Other,6
170,21,Male,In a relationship,University Student,University,Yes,"Facebook, Twitter, Instagram, YouTube, Snapchat, Discord",Less than an Hour,2,3,2,4,3,3,2,3,1,2,2,1,False,True,True,False,True,True,True,True,False,ADHD,7
171,20,Male,Single,University Student,University,Yes,"Twitter, Instagram, YouTube, Snapchat, Discord, Reddit, TikTok",More than 5 hours,5,5,5,4,2,4,3,3,1,3,3,4,True,False,True,False,True,True,True,True,True,ADHD,7
172,20,Female,Single,University Student,University,Yes,"Facebook, YouTube",Between 3 and 4 hours,4,5,4,4,5,5,5,2,2,3,4,4,False,True,False,False,False,False,False,True,False,ADHD,8
173,20,Male,Single,University Student,University,Yes,"Facebook, Instagram, YouTube",Between 1 and 2 hours,5,5,2,3,4,5,3,2,4,5,5,5,False,True,False,False,False,False,True,True,False,ADHD,10
174,21,Female,Single,University Student,Unknown,Yes,"Facebook, Instagram, YouTube, Snapchat",Between 1 and 2 hours,4,4,4,4,4,2,4,3,4,3,3,1,False,True,False,False,True,False,True,True,False,ADHD,11
175,20,Female,In a relationship,University Student,University,Yes,"Instagram, YouTube, Pinterest",Between 4 and 5 hours,4,3,5,5,4,4,5,4,3,4,4,5,False,False,False,True,False,False,True,True,False,ADHD,11
176,47,Male,Married,Salaried Worker,Company,Yes,"Twitter, Instagram, YouTube, Reddit, TikTok",Between 2 and 3 hours,4,3,3,2,4,3,1,2,1,1,2,1,True,False,True,False,False,False,True,True,True,ADHD,12
177,35,Female,Divorced,Salaried Worker,School,Yes,"Facebook, YouTube",Less than an Hour,3,2,1,1,1,1,1,3,4,1,1,1,False,True,False,False,False,False,False,True,False,ADHD,13
178,23,Female,Single,University Student,University,Yes,Pinterest,Between 3 and 4 hours,5,3,3,4,3,5,1,3,3,4,3,5,False,False,False,True,False,False,False,False,False,ADHD,13
179,21,Female,Single,University Student,University,Yes,"Facebook, Twitter, Instagram, YouTube, Snapchat, Pinterest",Between 4 and 5 hours,3,5,4,5,5,4,3,2,1,3,5,5,False,True,True,True,True,False,True,True,False,ADHD,13
180,21,Female,In a relationship,University Student,University,Yes,"Facebook, Instagram, YouTube, Pinterest",Between 2 and 3 hours,3,2,5,2,4,1,3,2,4,4,2,1,False,True,False,True,False,False,True,True,False,ADHD,14
181,37,Female,Married,Salaried Worker,University,Yes,"Facebook, YouTube",Between 1 and 2 hours,5,4,4,3,5,2,5,2,2,4,4,5,False,True,False,False,False,False,False,True,False,ADHD,16
182,48,Male,Married,Salaried Worker,Company,Yes,"Facebook, Twitter, Instagram, YouTube",Between 1 and 2 hours,4,2,2,3,2,2,2,3,3,3,3,4,False,True,True,False,False,False,True,True,False,ADHD,16
183,47,Male,Married,Salaried Worker,Goverment,Yes,"Facebook, YouTube, TikTok",Less than an Hour,3,1,1,2,4,2,3,3,2,1,2,3,True,True,False,False,False,False,False,True,False,ADHD,16
184,25,Female,Married,Salaried Worker,Company,Yes,"Facebook, Twitter, Instagram, YouTube, Reddit, Pinterest, TikTok",Between 4 and 5 hours,3,4,5,4,5,4,2,4,4,5,3,2,True,True,True,True,False,False,True,True,True,ADHD,17
185,22,Female,In a relationship,University Student,University,Yes,"Facebook, Twitter, Instagram, YouTube, Snapchat, Discord, Pinterest, TikTok",More than 5 hours,5,5,4,5,4,3,2,3,3,3,4,4,True,True,True,True,True,True,True,True,False,ADHD,18
186,45,Male,Married,Salaried Worker,Private,Yes,"Facebook, YouTube",Between 2 and 3 hours,3,2,3,3,3,3,3,2,2,2,2,2,False,True,False,False,False,False,False,True,False,ADHD,19
187,47,Male,Married,Salaried Worker,"Company, Private",Yes,"Instagram, YouTube",Between 1 and 2 hours,4,3,2,4,3,2,2,3,3,3,2,1,False,False,False,False,False,False,True,True,False,ADHD,19
188,47,Female,Single,Salaried Worker,Company,Yes,"Facebook, Twitter, Instagram, YouTube, Pinterest",Between 4 and 5 hours,4,5,2,3,3,1,3,3,1,3,3,1,False,True,True,True,False,False,True,True,False,ADHD,21
189,24,Female,Married,University Student,Private,Yes,"Facebook, Instagram, Pinterest",More than 5 hours,5,3,4,3,4,5,3,3,3,4,3,4,False,True,False,True,False,False,True,False,False,ADHD,21
190,21,Female,In a relationship,University Student,University,Yes,Instagram,Between 2 and 3 hours,5,5,5,5,1,5,2,5,5,2,5,5,False,False,False,False,False,False,True,False,False,ADHD,22
191,22,Female,Single,University Student,University,Yes,"Facebook, YouTube, Discord, Reddit, Pinterest",Between 2 and 3 hours,3,2,2,2,2,2,1,3,3,4,2,1,False,True,False,True,False,True,False,True,True,ADHD,22
192,19,Female,Single,School Student,School,Yes,"Facebook, Instagram, YouTube, Snapchat, Discord, Pinterest, TikTok",Between 2 and 3 hours,3,4,3,3,3,3,3,5,3,4,3,1,True,True,False,True,True,True,True,True,False,ADHD,22
193,21,Female,In a relationship,University Student,University,Yes,"Facebook, Instagram, YouTube, Snapchat",Between 4 and 5 hours,3,3,2,4,2,4,3,2,1,4,4,4,False,True,False,False,True,False,True,True,False,ADHD,22
194,22,Female,In a relationship,University Student,University,Yes,"Facebook, Instagram, YouTube, Snapchat",More than 5 hours,5,3,3,3,5,3,2,3,4,5,3,4,False,True,False,False,True,False,True,True,False,ADHD,22
195,20,Male,Single,University Student,Unknown,Yes,"Facebook, Instagram, YouTube, Snapchat, Discord, TikTok",Between 3 and 4 hours,4,5,4,4,5,4,1,3,4,4,5,5,True,True,False,False,True,True,True,True,False,ADHD,22
196,42,Female,Married,Salaried Worker,School,Yes,"Facebook, Instagram, YouTube, Discord, Pinterest",Between 2 and 3 hours,3,1,1,1,1,1,1,3,1,1,3,1,False,True,False,True,False,True,True,True,False,ADHD,23
197,35,Female,Married,Salaried Worker,School,Yes,Facebook,Between 2 and 3 hours,5,3,2,2,1,3,2,4,1,3,2,2,False,True,False,False,False,False,False,False,False,ADHD,23
198,38,Male,Married,Salaried Worker,University,Yes,"Facebook, Twitter, YouTube, Discord, Reddit",Between 4 and 5 hours,3,3,3,2,3,2,3,4,3,2,2,2,False,True,True,False,False,True,False,True,True,ADHD,23
199,17,Male,Single,School Student,School,Yes,"Facebook, Instagram, YouTube",Less than an Hour,2,2,2,2,2,1,1,2,1,1,1,2,False,True,False,False,False,False,True,True,False,Other,23
200,32,Male,Married,Salaried Worker,"Company, Private",Yes,"Facebook, YouTube, Discord, Reddit",Between 1 and 2 hours,3,1,3,2,2,1,1,3,1,1,2,1,False,True,False,False,False,True,False,True,True,ADHD,23
201,21,Female,Single,University Student,University,Yes,"Facebook, Twitter, Instagram, YouTube, Snapchat, Discord",Between 1 and 2 hours,3,3,2,5,4,5,4,2,2,2,3,2,False,True,True,False,True,True,True,True,False,ADHD,0
202,22,Male,In a relationship,University Student,"University, Private",Yes,"Facebook, Instagram, YouTube, Snapchat, Discord, Reddit",Between 3 and 4 hours,4,2,2,2,4,3,2,4,2,3,2,5,False,True,False,False,True,True,True,True,True,ADHD,0
203,27,Female,Married,University Student,University,Yes,"Facebook, Instagram, YouTube",More than 5 hours,5,5,3,3,3,3,1,3,1,3,3,4,False,True,False,False,False,False,True,True,False,ADHD,0
204,21,Male,In a relationship,University Student,University,Yes,"Facebook, Instagram, YouTube, Discord, Reddit, TikTok",Between 3 and 4 hours,4,5,3,5,5,5,5,2,4,3,5,3,True,True,False,False,False,True,True,True,True,ADHD,1
205,27,Male,Married,Salaried Worker,"University, Company",Yes,"Facebook, Discord, Reddit",More than 5 hours,5,5,5,5,5,5,1,3,1,5,5,5,False,True,False,False,False,True,False,False,True,ADHD,1
206,20,Male,Single,School Student,School,Yes,"Instagram, Discord, Reddit, Pinterest, TikTok",Between 2 and 3 hours,3,2,3,2,3,2,3,2,3,2,1,4,True,False,False,True,False,True,True,False,True,ADHD,1
207,27,Female,Married,Salaried Worker,Private,Yes,"Facebook, Instagram, YouTube",Between 3 and 4 hours,4,4,4,5,4,3,2,2,1,1,3,2,False,True,False,False,False,False,True,True,False,ADHD,2
208,24,Male,Single,University Student,"University, Company",Yes,"Facebook, Instagram, YouTube, Discord",Between 3 and 4 hours,5,5,5,5,1,5,5,4,1,5,5,4,False,True,False,False,False,True,True,True,False,ADHD,3
209,26,Female,Single,Salaried Worker,Private,Yes,"Facebook, Instagram, YouTube, Snapchat, Pinterest",Between 2 and 3 hours,3,2,1,1,1,1,1,1,1,1,1,1,False,True,False,True,True,False,True,True,False,ADHD,4
210,20,Female,Single,University Student,University,Yes,"Twitter, Instagram, YouTube, Snapchat, Discord, Reddit, Pinterest, TikTok",Between 3 and 4 hours,2,1,1,2,5,3,5,4,3,4,3,4,True,False,True,True,True,True,True,True,True,Anxiety,7
211,31,Male,Single,Salaried Worker,School,Yes,"Facebook, Instagram, YouTube, Discord",Between 2 and 3 hours,3,3,3,3,4,3,4,4,4,3,3,2,False,True,False,False,False,True,True,True,False,ADHD,10
212,21,Male,Single,University Student,University,Yes,"YouTube, Discord, Reddit",More than 5 hours,5,1,1,1,1,1,1,3,1,1,1,1,False,False,False,False,False,True,False,True,True,ADHD,10
213,34,Male,Married,Salaried Worker,Private,Yes,"Facebook, YouTube, TikTok",More than 5 hours,5,3,2,3,3,4,4,4,5,5,5,5,True,True,False,False,False,False,False,True,False,ADHD,13
214,22,Male,Single,University Student,University,Yes,"Facebook, YouTube, Snapchat",Less than an Hour,1,1,1,1,1,1,1,1,1,1,1,1,False,True,False,False,True,False,False,True,False,Other,13
215,20,Female,In a relationship,University Student,Unknown,Yes,Instagram,More than 5 hours,3,3,1,3,5,3,2,3,5,4,5,1,False,False,False,False,False,False,True,False,False,ADHD,13
216,23,Male,In a relationship,University Student,"University, Company",Yes,"Facebook, Twitter, Instagram, YouTube, Discord, Reddit",Between 4 and 5 hours,4,2,1,1,3,1,1,3,1,3,2,1,False,True,True,False,False,True,True,True,True,ADHD,15
217,48,Male,Married,Salaried Worker,Private,Yes,"Facebook, YouTube",Less than an Hour,1,1,1,1,1,1,5,5,3,1,1,1,False,True,False,False,False,False,False,True,False,Low Self Esteem,15
218,37,Male,Married,Salaried Worker,Private,Yes,"Facebook, YouTube",Between 1 and 2 hours,4,4,1,3,4,4,4,4,3,2,3,2,False,True,False,False,False,False,False,True,False,ADHD,17
219,22,Male,Single,University Student,University,Yes,"Facebook, Instagram, YouTube, Snapchat",Between 1 and 2 hours,3,3,2,3,4,4,4,4,3,5,4,4,False,True,False,False,True,False,True,True,False,ADHD,19
220,50,Male,Single,Salaried Worker,Unknown,Yes,Facebook,Between 1 and 2 hours,3,2,3,3,3,5,4,5,5,2,4,3,False,True,False,False,False,False,False,False,False,ADHD,19
221,21,Female,In a relationship,University Student,University,Yes,"Facebook, Twitter, Instagram, YouTube, Snapchat",More than 5 hours,4,4,4,5,5,5,4,2,3,3,4,4,False,True,True,False,True,False,True,True,False,ADHD,20
222,23,Female,Single,University Student,"University, Goverment",Yes,"Facebook, Twitter, Instagram, YouTube, Snapchat, Discord, Pinterest",Between 2 and 3 hours,4,4,1,3,2,2,1,2,1,2,4,1,False,True,True,True,True,True,True,True,False,ADHD,20
223,21,Female,Single,University Student,University,Yes,"Facebook, YouTube",Between 1 and 2 hours,4,3,1,3,4,3,5,2,3,3,4,3,False,True,False,False,False,False,False,True,False,ADHD,20
224,22,Female,Single,University Student,University,Yes,"Facebook, Twitter, Instagram, YouTube, Snapchat, Discord, Pinterest",Between 3 and 4 hours,3,3,3,3,3,2,2,3,3,3,3,3,False,True,True,True,True,True,True,True,False,ADHD,22
225,22,Female,In a relationship,University Student,University,Yes,Facebook,More than 5 hours,3,1,4,4,3,4,3,4,3,4,4,3,False,True,False,False,False,False,False,False,False,ADHD,23
226,22,Female,In a relationship,University Student,University,Yes,"Facebook, Instagram, YouTube, Snapchat, TikTok",More than 5 hours,2,5,3,3,3,4,5,3,3,2,4,3,True,True,False,False,True,False,True,True,False,ADHD,23
227,19,Female,Single,University Student,University,Yes,"Facebook, Instagram, YouTube, Snapchat, Discord, Pinterest",Between 3 and 4 hours,5,4,5,3,5,4,5,1,5,4,4,3,False,True,False,True,True,True,True,True,False,ADHD,23
228,23,Female,Single,University Student,University,Yes,"Facebook, Instagram, YouTube",Between 2 and 3 hours,5,5,3,5,3,5,1,3,2,2,2,5,False,True,False,False,False,False,True,True,False,ADHD,0
229,46,Male,Married,Salaried Worker,"Company, Private",Yes,"Facebook, YouTube",Less than an Hour,2,1,1,1,1,1,1,2,1,1,3,4,False,True,False,False,False,False,False,True,False,Depression,2
230,21,Male,In a relationship,University Student,University,Yes,"Facebook, Instagram, YouTube",More than 5 hours,4,5,3,4,4,4,3,3,4,4,4,5,False,True,False,False,False,False,True,True,False,ADHD,8
231,24,Female,In a relationship,University Student,University,Yes,"Facebook, Instagram, YouTube, Discord",More than 5 hours,2,3,1,2,4,3,4,4,3,4,1,1,False,True,False,False,False,True,True,True,False,ADHD,11
232,20,Female,Single,University Student,University,Yes,"Facebook, Instagram, YouTube",Less than an Hour,3,1,1,1,2,2,5,1,2,1,3,1,False,True,False,False,False,False,True,True,False,ADHD,13
233,25,Male,Single,University Student,University,Yes,YouTube,Between 1 and 2 hours,5,5,1,1,2,3,4,5,3,5,2,5,False,False,False,False,False,False,False,True,False,ADHD,22
234,21,Female,Single,University Student,"University, Company, Goverment",Yes,"Facebook, YouTube, Discord, Pinterest",Between 3 and 4 hours,2,1,1,2,2,1,1,1,1,1,1,1,False,True,False,True,False,True,False,True,False,Other,22
235,23,Male,In a relationship,University Student,University,Yes,"Facebook, Twitter, Instagram, YouTube, Discord, Reddit, TikTok",More than 5 hours,4,4,3,5,4,4,4,2,1,4,4,3,True,True,True,False,False,True,True,True,True,ADHD,5
236,22,Female,In a relationship,Salaried Worker,Company,Yes,"Instagram, YouTube, Discord, Reddit, TikTok",More than 5 hours,5,4,4,4,4,3,4,4,4,4,5,1,True,False,False,False,False,True,True,True,True,ADHD,3
237,36,Male,Married,Salaried Worker,University,Yes,"Facebook, Instagram, YouTube, Pinterest",Less than an Hour,2,1,1,2,3,1,3,3,1,2,1,1,False,True,False,True,False,False,True,True,False,Anxiety,21
238,22,Female,Single,University Student,University,Yes,"Facebook, Instagram, YouTube, Snapchat, Pinterest, TikTok",Between 2 and 3 hours,5,5,3,5,5,2,3,1,2,5,3,5,True,True,False,True,True,False,True,True,False,ADHD,22
239,69,Others,Divorced,Salaried Worker,Unknown,Yes,TikTok,More than 5 hours,5,5,5,5,5,5,5,5,5,5,5,5,True,False,False,False,False,False,False,False,False,ADHD,23
240,25,Female,Single,Salaried Worker,University,Yes,"Facebook, Instagram, YouTube",Between 4 and 5 hours,3,4,2,5,5,1,5,1,5,4,5,5,False,True,False,False,False,False,True,True,False,ADHD,23
241,22,Female,Single,University Student,University,Yes,"Facebook, Twitter, Instagram, YouTube, Snapchat, TikTok",Between 4 and 5 hours,4,2,1,5,4,3,5,1,4,4,4,2,True,True,True,False,True,False,True,True,False,ADHD,23
242,23,Male,Single,University Student,"University, N/A",Yes,"Facebook, Instagram, YouTube, Snapchat, Discord, TikTok",Between 3 and 4 hours,3,4,2,5,5,5,5,4,4,2,3,4,True,True,False,False,True,True,True,True,False,ADHD,23
243,23,Male,Single,University Student,University,Yes,"Facebook, Instagram",Less than an Hour,3,2,1,3,4,3,3,3,2,3,2,5,False,True,False,False,False,False,True,False,False,ADHD,2
244,19,Female,Single,School Student,University,Yes,"Facebook, Instagram, YouTube, Discord",Between 3 and 4 hours,5,3,2,3,5,5,2,3,3,3,5,5,False,True,False,False,False,True,True,True,False,ADHD,19
245,21,Female,Single,University Student,"School, University, Private",Yes,"Facebook, Instagram, YouTube, Snapchat, Discord, Reddit",Between 1 and 2 hours,3,5,2,4,2,2,1,4,2,3,2,3,False,True,False,False,True,True,True,True,True,ADHD,19
246,27,Female,In a relationship,Salaried Worker,Private,Yes,"Facebook, Instagram, YouTube, Snapchat",Between 4 and 5 hours,5,5,3,4,4,4,4,2,3,4,4,2,False,True,False,False,True,False,True,True,False,ADHD,19
247,25,Female,Single,University Student,University,Yes,"Facebook, YouTube, Discord",More than 5 hours,4,3,1,2,4,3,4,2,2,4,2,1,False,True,False,False,False,True,False,True,False,ADHD,19
248,20,Female,Single,University Student,University,Yes,"Facebook, Instagram, YouTube, Snapchat",Between 2 and 3 hours,4,2,1,3,4,1,1,5,1,2,2,3,False,True,False,False,True,False,True,True,False,ADHD,19
249,34,Female,Married,Salaried Worker,School,Yes,Facebook,Between 1 and 2 hours,2,5,1,1,1,5,2,3,5,1,2,1,False,True,False,False,False,False,False,False,False,ADHD,19
250,23,Female,Single,University Student,University,Yes,"Facebook, Instagram, YouTube, Snapchat, Discord, Pinterest",More than 5 hours,5,5,3,3,5,3,3,4,3,4,5,4,False,True,False,True,True,True,True,True,False,ADHD,19
251,34,Female,Married,Salaried Worker,School,Yes,Facebook,Between 1 and 2 hours,2,2,1,1,1,1,2,1,1,1,1,1,False,True,False,False,False,False,False,False,False,Other,19
252,26,Female,Single,Salaried Worker,Unknown,Yes,"Facebook, Instagram, YouTube, Discord, Pinterest, TikTok",Between 4 and 5 hours,5,5,3,5,5,5,3,3,3,5,4,4,True,True,False,True,False,True,True,True,False,ADHD,19
253,25,Male,Single,University Student,University,Yes,"Facebook, Twitter, Instagram, YouTube, Snapchat, Discord, Pinterest, TikTok",Between 4 and 5 hours,4,5,2,5,1,5,2,3,4,5,1,5,True,True,True,True,True,True,True,True,False,ADHD,19
254,22,Female,Married,University Student,University,Yes,"Facebook, Instagram, YouTube, Pinterest",Between 2 and 3 hours,5,4,2,3,3,2,1,3,2,2,3,3,False,True,False,True,False,False,True,True,False,ADHD,19
255,20,Male,Single,University Student,University,Yes,"Facebook, Twitter, Instagram, YouTube, Snapchat, Discord, Reddit",Less than an Hour,4,2,1,3,5,2,1,4,2,2,4,2,False,True,True,False,True,True,True,True,True,ADHD,19
256,23,Female,Single,University Student,University,Yes,"Facebook, Instagram, YouTube, Snapchat",More than 5 hours,4,5,3,4,5,5,5,1,3,3,4,5,False,True,False,False,True,False,True,True,False,ADHD,19
257,91,Female,Single,University Student,University,Yes,"Facebook, Instagram, YouTube, Snapchat, Discord",Between 2 and 3 hours,2,5,4,4,5,5,5,1,5,5,5,5,False,True,False,False,True,True,True,True,False,ADHD,19
258,22,Female,Single,University Student,University,Yes,"Facebook, Instagram, YouTube, Snapchat, Discord",Between 4 and 5 hours,4,1,2,1,1,1,1,2,1,1,2,3,False,True,False,False,True,True,True,True,False,ADHD,19
259,23,Female,Single,University Student,"University, N/A",Yes,"Facebook, Instagram, YouTube, TikTok",More than 5 hours,3,3,2,3,3,4,3,3,4,4,3,2,True,True,False,False,False,False,True,True,False,ADHD,19
260,21,Female,In a relationship,University Student,"University, Company",Yes,"Facebook, Instagram, Discord",Between 2 and 3 hours,2,3,4,2,3,4,2,4,2,3,1,4,False,True,False,False,False,True,True,False,False,ADHD,19
261,36,Female,Married,Salaried Worker,Unknown,Yes,"Facebook, YouTube, Snapchat",Between 1 and 2 hours,4,1,1,2,2,1,1,3,2,2,3,3,False,True,False,False,True,False,False,True,False,ADHD,20
262,21,Female,In a relationship,University Student,University,Yes,"Facebook, Instagram, YouTube, Snapchat, Discord, TikTok",Between 2 and 3 hours,3,3,2,3,5,4,3,3,3,5,5,4,True,True,False,False,True,True,True,True,False,ADHD,20
263,22,Female,Single,University Student,University,Yes,"Facebook, Instagram, YouTube",Between 1 and 2 hours,2,2,2,2,2,3,4,3,3,3,2,2,False,True,False,False,False,False,True,True,False,Depression,20
264,22,Male,Single,University Student,University,Yes,"Facebook, Twitter, Instagram, YouTube, Discord, Reddit, Pinterest, TikTok",More than 5 hours,4,4,3,4,2,4,4,3,4,3,4,3,True,True,True,True,False,True,True,True,True,ADHD,20
265,22,Female,Single,University Student,University,Yes,"Facebook, Instagram, YouTube, Snapchat",More than 5 hours,5,2,5,4,4,4,4,3,2,2,3,2,False,True,False,False,True,False,True,True,False,ADHD,20
266,20,Female,Single,University Student,University,Yes,"Facebook, Instagram, YouTube, Discord",Between 3 and 4 hours,3,3,3,3,4,3,4,3,3,3,3,2,False,True,False,False,False,True,True,True,False,ADHD,20
267,26,Female,In a relationship,Salaried Worker,Private,Yes,"Facebook, Twitter, Instagram, YouTube",More than 5 hours,4,4,1,3,3,2,2,4,1,2,2,4,False,True,True,False,False,False,True,True,False,ADHD,20
268,21,Male,Single,University Student,University,Yes,YouTube,Between 2 and 3 hours,3,3,2,5,5,4,2,3,2,4,2,4,False,False,False,False,False,False,False,True,False,ADHD,20
269,20,Female,Single,University Student,"University, Private",Yes,"Facebook, Instagram, YouTube, Snapchat, Pinterest, TikTok",More than 5 hours,4,5,3,5,5,5,2,3,1,3,4,5,True,True,False,True,True,False,True,True,False,ADHD,20
270,21,Female,In a relationship,University Student,"School, University, Private",Yes,"Facebook, Twitter, YouTube, Discord, Pinterest",More than 5 hours,3,2,1,2,3,1,1,3,1,3,3,2,False,True,True,True,False,True,False,True,False,ADHD,20
271,19,Female,Single,School Student,School,Yes,"Facebook, Twitter, Instagram, YouTube, Snapchat, Discord, Reddit, Pinterest, TikTok",More than 5 hours,3,2,1,5,2,3,1,3,1,2,1,5,True,True,True,True,True,True,True,True,True,ADHD,20
272,20,Female,Single,University Student,University,Yes,"Facebook, Instagram, YouTube, Snapchat, Discord, Pinterest, TikTok",More than 5 hours,4,5,5,5,5,5,5,1,4,5,5,5,True,True,False,True,True,True,True,True,False,ADHD,20
273,22,Female,Single,University Student,"University, Private",Yes,"Facebook, Twitter, Instagram, YouTube, Snapchat, Discord, Reddit, Pinterest, TikTok",Between 3 and 4 hours,5,4,3,4,4,3,2,3,4,3,3,4,True,True,True,True,True,True,True,True,True,ADHD,20
274,23,Male,Single,University Student,"School, University",Yes,"YouTube, Discord, Reddit",Between 1 and 2 hours,2,2,1,5,5,5,1,3,1,5,1,5,False,False,False,False,False,True,False,True,True,Anxiety,20
275,21,Male,Single,University Student,University,Yes,"Facebook, Twitter, Instagram, YouTube, Discord, Reddit",Between 2 and 3 hours,4,4,4,5,5,4,4,2,3,3,4,3,False,True,True,False,False,True,True,True,True,ADHD,20
276,21,Female,In a relationship,University Student,"School, University",Yes,"Facebook, Instagram, YouTube, Snapchat, Discord, Pinterest, TikTok",Between 3 and 4 hours,5,4,2,5,5,4,4,3,3,5,5,5,True,True,False,True,True,True,True,True,False,ADHD,20
277,22,Male,In a relationship,University Student,University,Yes,"Facebook, Instagram, YouTube, Snapchat, Discord",Between 4 and 5 hours,5,5,3,5,5,5,5,5,5,5,5,5,False,True,False,False,True,True,True,True,False,ADHD,20
278,26,Male,Single,Salaried Worker,Company,Yes,"Facebook, Instagram, YouTube, Discord",More than 5 hours,5,5,5,5,5,5,5,5,1,5,5,5,False,True,False,False,False,True,True,True,False,ADHD,21
279,22,Female,In a relationship,University Student,University,Yes,"Facebook, Instagram, YouTube, Discord",Between 2 and 3 hours,4,4,2,3,5,3,1,3,4,5,2,2,False,True,False,False,False,True,True,True,False,ADHD,21
280,17,Male,Single,School Student,School,Yes,Discord,Between 2 and 3 hours,3,4,3,3,3,3,5,3,4,5,3,4,False,False,False,False,False,True,False,False,False,ADHD,21
281,23,Male,Single,University Student,"University, Private",Yes,"Facebook, Instagram, YouTube, Discord, Pinterest, TikTok",More than 5 hours,4,3,3,4,5,4,5,4,4,3,4,5,True,True,False,True,False,True,True,True,False,ADHD,21
282,21,Male,Single,School Student,"School, Company",Yes,"Facebook, Instagram, YouTube, Discord, Reddit, Pinterest",Between 3 and 4 hours,2,4,2,4,5,4,5,4,4,4,3,3,False,True,False,True,False,True,True,True,True,ADHD,21
283,22,Female,Single,University Student,University,Yes,"Facebook, Instagram, YouTube, Snapchat",More than 5 hours,1,1,1,1,1,1,2,2,1,2,1,2,False,True,False,False,True,False,True,True,False,Other,21
284,20,Male,Single,University Student,University,Yes,"Facebook, Twitter, Instagram, YouTube, Snapchat, Discord, TikTok",More than 5 hours,4,5,3,2,5,3,4,2,1,5,4,5,True,True,True,False,True,True,True,True,False,ADHD,21
285,24,Female,Single,University Student,University,Yes,"Facebook, Twitter, Instagram, YouTube",Between 4 and 5 hours,4,4,3,4,4,4,3,3,3,4,4,4,False,True,True,False,False,False,True,True,False,ADHD,21
286,22,Female,Single,University Student,Private,Yes,"Facebook, Instagram, YouTube, Snapchat",Between 3 and 4 hours,4,4,2,5,4,5,3,2,2,3,4,4,False,True,False,False,True,False,True,True,False,ADHD,21
287,24,Male,Single,University Student,University,Yes,"Facebook, Twitter, Instagram, YouTube, Discord",Between 3 and 4 hours,4,3,2,3,2,3,2,1,3,2,3,2,False,True,True,False,False,True,True,True,False,ADHD,21
288,22,Female,Single,University Student,University,Yes,"Facebook, Instagram, YouTube, Snapchat, Pinterest",More than 5 hours,3,4,4,5,5,4,5,2,4,5,4,4,False,True,False,True,True,False,True,True,False,ADHD,21
289,26,Male,In a relationship,University Student,"University, Private",Yes,"Facebook, Twitter, Instagram, YouTube, Snapchat, Discord, Pinterest",Between 4 and 5 hours,3,3,2,2,4,2,2,3,4,4,2,2,False,True,True,True,True,True,True,True,False,ADHD,21
290,24,Female,In a relationship,Salaried Worker,Private,Yes,"Facebook, Instagram, YouTube, Discord, Pinterest",Between 3 and 4 hours,2,1,1,2,4,2,1,1,3,3,2,4,False,True,False,True,False,True,True,True,False,Anxiety,21
291,22,Female,Single,University Student,University,Yes,"Facebook, YouTube",Between 2 and 3 hours,3,4,1,2,2,3,3,3,3,3,4,4,False,True,False,False,False,False,False,True,False,ADHD,21
292,25,Female,In a relationship,University Student,University,Yes,"Facebook, Instagram, YouTube, Snapchat, Discord",Between 3 and 4 hours,3,2,1,2,4,3,3,3,2,4,2,3,False,True,False,False,True,True,True,True,False,ADHD,21
293,21,Female,Single,University Student,University,Yes,"Facebook, Instagram, YouTube, Snapchat, Discord, Reddit, Pinterest, TikTok",Between 4 and 5 hours,4,5,3,4,4,5,2,3,3,4,5,4,True,True,False,True,True,True,True,True,True,ADHD,21
294,20,Female,In a relationship,University Student,University,Yes,"Facebook, Instagram, YouTube, Snapchat, TikTok",Between 2 and 3 hours,4,4,4,4,4,4,5,5,4,5,5,5,True,True,False,False,True,False,True,True,False,ADHD,21
295,22,Female,Single,University Student,University,Yes,"Facebook, Instagram, YouTube",Between 1 and 2 hours,3,3,1,3,1,1,1,3,5,1,1,1,False,True,False,False,False,False,True,True,False,ADHD,21
296,25,Female,In a relationship,Salaried Worker,Company,Yes,"Facebook, Twitter, Instagram, YouTube, Snapchat, Pinterest",Between 2 and 3 hours,2,1,3,2,4,4,3,3,1,2,1,1,False,True,True,True,True,False,True,True,False,Anxiety,21
297,17,Male,Single,School Student,School,Yes,"Facebook, Discord",Between 4 and 5 hours,2,1,4,2,5,2,4,3,1,4,2,2,False,True,False,False,False,True,False,False,False,Anxiety,21
298,22,Female,Single,University Student,University,Yes,"Facebook, Twitter, Instagram, YouTube",Between 2 and 3 hours,4,2,3,3,5,4,4,3,3,4,3,5,False,True,True,False,False,False,True,True,False,ADHD,21
299,26,Male,Single,University Student,University,Yes,"Facebook, Twitter, Instagram, YouTube, Reddit",Between 1 and 2 hours,3,4,2,4,4,4,2,2,1,3,3,2,False,True,True,False,False,False,True,True,True,ADHD,21
300,22,Female,Single,University Student,"University, Goverment",Yes,Facebook,Between 2 and 3 hours,2,3,2,3,3,3,4,3,3,5,3,3,False,True,False,False,False,False,False,False,False,ADHD,21
301,23,Male,In a relationship,University Student,"University, Company, Private",Yes,"Facebook, Instagram, YouTube, Snapchat, Pinterest",Between 2 and 3 hours,3,4,5,3,5,3,3,3,3,5,1,4,False,True,False,True,True,False,True,True,False,ADHD,21
302,25,Male,Single,Salaried Worker,"Company, Private",Yes,"Facebook, Instagram, YouTube, Snapchat",Between 2 and 3 hours,4,2,2,3,5,4,1,1,2,5,5,5,False,True,False,False,True,False,True,True,False,ADHD,21
303,21,Male,Single,School Student,"University, Company",Yes,"Instagram, YouTube, Snapchat, Discord, Reddit",Between 2 and 3 hours,4,5,3,5,2,5,2,3,4,4,5,2,False,False,False,False,True,True,True,True,True,ADHD,21
304,30,Female,Single,Salaried Worker,Private,Yes,"Facebook, TikTok",Between 2 and 3 hours,4,5,4,3,3,5,4,3,1,4,4,5,True,True,False,False,False,False,False,False,False,ADHD,21
305,23,Female,Single,University Student,University,Yes,"Facebook, Instagram, YouTube",Between 3 and 4 hours,2,4,1,3,4,3,4,2,2,3,3,2,False,True,False,False,False,False,True,True,False,ADHD,21
306,22,Male,In a relationship,Salaried Worker,"University, Company",Yes,"Facebook, Twitter, Instagram, YouTube, Snapchat, Discord, Reddit, TikTok",Between 4 and 5 hours,4,5,4,5,5,4,3,3,3,3,4,2,True,True,True,False,True,True,True,True,True,ADHD,21
307,21,Female,In a relationship,University Student,University,Yes,"Facebook, Instagram, YouTube",Between 4 and 5 hours,5,5,5,4,4,3,5,2,2,5,4,3,False,True,False,False,False,False,True,True,False,ADHD,21
308,20,Female,In a relationship,University Student,University,Yes,"Facebook, YouTube",Between 3 and 4 hours,5,3,2,4,2,2,1,3,5,1,4,1,False,True,False,False,False,False,False,True,False,ADHD,22
309,18,Female,Single,University Student,University,Yes,"Facebook, Instagram, YouTube, Snapchat, Discord, Pinterest",More than 5 hours,3,2,2,2,4,2,1,3,3,2,3,4,False,True,False,True,True,True,True,True,False,ADHD,22
310,20,Female,Single,University Student,University,Yes,"Twitter, Instagram, YouTube",Between 3 and 4 hours,3,3,2,2,4,2,2,3,2,2,3,1,False,False,True,False,False,False,True,True,False,ADHD,22
311,15,Female,Single,School Student,School,Yes,"Instagram, YouTube, Discord, Pinterest",Between 3 and 4 hours,4,3,1,3,5,3,3,3,1,5,4,5,False,False,False,True,False,True,True,True,False,ADHD,22
312,22,Male,Single,University Student,University,Yes,"Facebook, Twitter, Instagram, YouTube, Snapchat, Discord, Reddit, Pinterest",More than 5 hours,5,3,2,3,5,5,1,3,1,3,4,5,False,True,True,True,True,True,True,True,True,ADHD,22
313,17,Female,Single,School Student,School,Yes,"Facebook, Instagram, YouTube, Snapchat, Pinterest, TikTok",More than 5 hours,2,5,4,5,3,5,2,2,3,2,4,2,True,True,False,True,True,False,True,True,False,ADHD,22
314,21,Male,Single,University Student,University,Yes,"Facebook, Instagram",Between 1 and 2 hours,2,3,1,4,5,4,3,3,1,5,5,5,False,True,False,False,False,False,True,False,False,ADHD,22
315,22,Female,Single,University Student,University,Yes,"Facebook, Twitter, Instagram, YouTube, Snapchat, TikTok",More than 5 hours,5,1,4,1,4,4,3,4,2,4,5,4,True,True,True,False,True,False,True,True,False,ADHD,22
316,23,Female,Married,University Student,University,Yes,Facebook,More than 5 hours,4,3,3,4,4,5,4,4,3,3,3,4,False,True,False,False,False,False,False,False,False,ADHD,22
317,24,Male,Single,University Student,University,Yes,"Facebook, Twitter, Instagram, YouTube, Snapchat, Discord, Reddit, Pinterest",Between 3 and 4 hours,2,1,1,1,4,1,1,3,1,3,1,3,False,True,True,True,True,True,True,True,True,Anxiety,22
318,21,Female,In a relationship,University Student,"University, Private",Yes,"Facebook, Instagram, YouTube, Snapchat",More than 5 hours,4,5,4,5,3,5,3,3,2,5,5,4,False,True,False,False,True,False,True,True,False,ADHD,22
319,22,Female,Single,University Student,University,Yes,"Facebook, Instagram, YouTube, Snapchat, Pinterest, TikTok",More than 5 hours,5,5,5,5,5,5,5,1,4,5,5,5,True,True,False,True,True,False,True,True,False,ADHD,22
320,22,Female,Single,University Student,University,Yes,"Facebook, YouTube, Snapchat, Discord",More than 5 hours,5,5,5,5,5,5,5,5,5,5,5,5,False,True,False,False,True,True,False,True,False,ADHD,22
321,21,Female,Single,University Student,"University, Private",Yes,"Facebook, Twitter, Instagram, YouTube, Snapchat, TikTok",More than 5 hours,3,4,5,4,5,4,5,5,3,5,4,5,True,True,True,False,True,False,True,True,False,ADHD,22
322,21,Female,Single,University Student,University,Yes,"Facebook, Instagram, YouTube, Snapchat, Discord, Pinterest",More than 5 hours,3,3,2,2,4,4,4,3,3,4,2,4,False,True,False,True,True,True,True,True,False,ADHD,22
323,18,Male,Single,School Student,Unknown,Yes,"Facebook, Twitter, Instagram, YouTube, Discord, Reddit, Pinterest",More than 5 hours,5,4,1,2,4,3,1,3,3,3,3,5,False,True,True,True,False,True,True,True,True,ADHD,22
324,19,Male,Single,University Student,University,Yes,"Facebook, Twitter, Instagram, YouTube, Snapchat, Discord",Less than an Hour,3,2,1,2,4,2,2,3,4,2,2,5,False,True,True,False,True,True,True,True,False,ADHD,22
325,22,Male,Single,University Student,"University, Company",Yes,"Facebook, Twitter, Instagram, YouTube, Snapchat, Discord, Reddit",More than 5 hours,5,4,2,4,5,5,1,1,1,5,1,5,False,True,True,False,True,True,True,True,True,ADHD,22
326,21,Others,Single,University Student,University,Yes,"Facebook, Instagram, YouTube, Snapchat, Reddit, Pinterest, TikTok",More than 5 hours,4,2,3,5,5,4,4,3,5,5,5,1,True,True,False,True,True,False,True,True,True,ADHD,22
327,21,Female,Single,University Student,Unknown,Yes,"Facebook, Instagram, YouTube, Snapchat, Discord, TikTok",Between 3 and 4 hours,5,5,4,5,5,4,5,5,3,5,3,5,True,True,False,False,True,True,True,True,False,ADHD,22
328,22,Male,Single,University Student,University,Yes,"Facebook, Instagram, YouTube, Discord, Pinterest",Between 2 and 3 hours,4,5,4,4,5,5,2,2,5,5,5,4,False,True,False,True,False,True,True,True,False,ADHD,22
329,21,Female,Single,University Student,"University, Company",Yes,"Facebook, Instagram, Snapchat, Pinterest, TikTok",Between 2 and 3 hours,4,4,1,3,2,2,2,2,2,4,3,2,True,True,False,True,True,False,True,False,False,ADHD,22
330,23,Male,Married,University Student,University,Yes,"Facebook, Twitter, Instagram, YouTube, Snapchat, Discord, Reddit, Pinterest, TikTok",Between 2 and 3 hours,5,4,3,5,4,5,3,2,2,4,4,4,True,True,True,True,True,True,True,True,True,ADHD,22
331,19,Male,Single,University Student,University,Yes,"Facebook, Twitter, Instagram, YouTube, Snapchat, Discord, Reddit, Pinterest, TikTok",Between 3 and 4 hours,4,2,2,2,3,1,2,5,1,1,3,4,True,True,True,True,True,True,True,True,True,ADHD,22
332,26,Male,Single,Salaried Worker,"School, Company",Yes,"Facebook, Twitter, Instagram, YouTube, Snapchat, Discord, Reddit",Between 2 and 3 hours,4,3,2,4,3,3,4,3,1,4,2,2,False,True,True,False,True,True,True,True,True,ADHD,22
333,27,Male,Single,Salaried Worker,Company,Yes,"Facebook, Twitter, Instagram, YouTube, Reddit, Pinterest",Between 2 and 3 hours,5,5,2,2,1,1,2,4,1,3,2,3,False,True,True,True,False,False,True,True,True,ADHD,22
334,25,Female,Single,University Student,"University, Company, Private",Yes,"Facebook, Instagram, YouTube, Pinterest, TikTok",More than 5 hours,5,5,4,4,5,1,2,2,3,5,2,4,True,True,False,True,False,False,True,True,False,ADHD,22
335,20,Female,Single,University Student,University,Yes,"Facebook, Instagram, YouTube, Discord",Between 4 and 5 hours,3,3,3,3,3,3,3,3,3,3,3,3,False,True,False,False,False,True,True,True,False,ADHD,22
336,20,Female,Single,University Student,University,Yes,"Facebook, Twitter, Instagram, YouTube, Snapchat",More than 5 hours,4,2,4,3,5,4,1,3,2,4,4,2,False,True,True,False,True,False,True,True,False,ADHD,22
337,22,Male,Single,University Student,University,Yes,"Facebook, Twitter, Instagram, YouTube, Snapchat, Discord, Reddit, Pinterest",Between 3 and 4 hours,4,4,1,3,3,1,1,1,1,1,2,2,False,True,True,True,True,True,True,True,True,ADHD,22
338,18,Female,Single,School Student,Private,Yes,"Facebook, Instagram, YouTube",Between 3 and 4 hours,5,5,2,5,4,5,5,2,4,4,5,5,False,True,False,False,False,False,True,True,False,ADHD,22
339,22,Male,In a relationship,University Student,"University, Company",Yes,"Facebook, Instagram, YouTube, Snapchat, Discord, Reddit",Between 2 and 3 hours,4,3,2,3,4,3,2,4,1,3,1,3,False,True,False,False,True,True,True,True,True,ADHD,22
340,20,Male,Single,Salaried Worker,Company,Yes,"Facebook, Twitter, Instagram, Snapchat, Reddit",Between 1 and 2 hours,3,3,2,3,5,3,1,3,4,5,3,2,False,True,True,False,True,False,True,False,True,ADHD,22
341,24,Male,Single,Salaried Worker,Company,Yes,"YouTube, Discord",More than 5 hours,5,3,5,5,4,5,1,3,1,3,5,1,False,False,False,False,False,True,False,True,False,ADHD,22
342,21,Male,Single,University Student,University,Yes,"Facebook, Instagram, YouTube",Between 4 and 5 hours,3,4,3,3,5,5,4,4,4,3,4,3,False,True,False,False,False,False,True,True,False,ADHD,23
343,29,Female,Single,Salaried Worker,Private,Yes,"Facebook, Instagram",Between 3 and 4 hours,5,3,1,3,5,3,2,2,1,5,5,5,False,True,False,False,False,False,True,False,False,ADHD,23
344,21,Male,Single,University Student,"University, Company, Private",Yes,"Facebook, Instagram, YouTube, Snapchat, Discord, TikTok",Between 1 and 2 hours,4,4,3,3,5,2,4,2,2,2,4,5,True,True,False,False,True,True,True,True,False,ADHD,23
345,19,Female,Single,University Student,"School, University, Private",Yes,"Facebook, Instagram, YouTube, Snapchat, Discord, Reddit, Pinterest, TikTok",More than 5 hours,3,5,4,3,5,4,1,5,1,5,5,5,True,True,False,True,True,True,True,True,True,ADHD,23
346,21,Female,In a relationship,University Student,University,Yes,"Facebook, Instagram, YouTube, Snapchat, Discord",Between 2 and 3 hours,5,4,3,4,4,4,2,3,1,5,4,2,False,True,False,False,True,True,True,True,False,ADHD,23
347,43,Male,Married,Salaried Worker,Goverment,Yes,"Facebook, YouTube",Less than an Hour,2,1,1,1,1,1,1,3,3,1,1,1,False,True,False,False,False,False,False,True,False,Low Self Esteem,23
348,22,Female,Married,University Student,University,Yes,"Facebook, Twitter, Instagram, YouTube, Snapchat, Discord, Reddit, Pinterest, TikTok",Between 4 and 5 hours,5,5,3,4,4,4,4,1,1,4,2,1,True,True,True,True,True,True,True,True,True,ADHD,23
349,24,Male,In a relationship,University Student,"University, Company",Yes,"Facebook, Twitter, Instagram, YouTube, Snapchat, Discord, Reddit",Between 4 and 5 hours,4,5,3,5,5,5,1,3,1,3,2,1,False,True,True,False,True,True,True,True,True,ADHD,23
350,18,Female,Single,School Student,School,Yes,"Facebook, YouTube",More than 5 hours,5,5,3,3,5,4,1,3,1,5,4,4,False,True,False,False,False,False,False,True,False,ADHD,23
351,19,Female,Single,University Student,University,Yes,"Facebook, Instagram, YouTube, Snapchat, Discord",Between 3 and 4 hours,4,3,1,3,4,4,2,3,1,4,3,5,False,True,False,False,True,True,True,True,False,ADHD,23
352,37,Female,In a relationship,Salaried Worker,Private,Yes,"Facebook, YouTube",Between 1 and 2 hours,2,2,1,3,3,2,2,3,1,3,3,4,False,True,False,False,False,False,False,True,False,Anxiety,23
353,24,Male,Single,University Student,University,Yes,"Facebook, Instagram, YouTube, Discord, Reddit",Between 4 and 5 hours,4,4,2,4,4,5,4,2,3,3,4,5,False,True,False,False,False,True,True,True,True,ADHD,23
354,29,Female,Single,Salaried Worker,University,Yes,"Facebook, Twitter, Instagram, YouTube, Reddit, Pinterest",Between 1 and 2 hours,2,2,1,4,5,4,4,2,1,5,2,4,False,True,True,True,False,False,True,True,True,Anxiety,23
355,19,Male,Single,School Student,Private,Yes,"Facebook, Instagram, YouTube, Snapchat, Discord, Reddit, TikTok",Between 4 and 5 hours,3,3,2,2,3,2,2,1,3,2,2,2,True,True,False,False,True,True,True,True,True,ADHD,23
356,35,Male,Married,Salaried Worker,Company,Yes,"Facebook, Instagram, YouTube, Discord",Less than an Hour,2,3,2,2,4,4,2,2,4,3,2,5,False,True,False,False,False,True,True,True,False,ADHD,23
357,22,Female,Single,University Student,University,Yes,"Twitter, Discord, Reddit",Between 2 and 3 hours,4,5,4,5,5,4,3,3,1,4,4,2,False,False,True,False,False,True,False,False,True,ADHD,23
358,23,Male,Single,University Student,"University, Company",Yes,"Facebook, Twitter, Instagram, YouTube, Snapchat, Discord, Pinterest",Between 1 and 2 hours,3,2,2,3,2,2,2,4,2,3,2,3,False,True,True,True,True,True,True,True,False,ADHD,23
359,22,Female,Single,University Student,University,Yes,"Twitter, Instagram, TikTok",More than 5 hours,5,5,5,4,4,4,2,3,2,3,4,1,True,False,True,False,False,False,True,False,False,ADHD,23
360,25,Male,Single,Salaried Worker,Private,Yes,"Facebook, Instagram, YouTube, Snapchat, Discord",Between 2 and 3 hours,4,4,1,5,5,3,5,2,2,4,3,5,False,True,False,False,True,True,True,True,False,ADHD,0
361,19,Male,Single,School Student,School,Yes,"Facebook, Instagram, YouTube, TikTok",Between 4 and 5 hours,3,3,4,3,3,3,4,3,3,3,3,2,True,True,False,False,False,False,True,True,False,ADHD,0
362,29,Female,Married,Salaried Worker,Private,Yes,"Facebook, Instagram, YouTube, Pinterest",Between 1 and 2 hours,4,4,1,3,3,3,2,3,1,2,2,4,False,True,False,True,False,False,True,True,False,ADHD,0
363,21,Female,In a relationship,University Student,"University, Private",Yes,"Facebook, Twitter, Instagram, YouTube, Snapchat, Pinterest",Between 4 and 5 hours,4,5,3,3,3,3,5,1,4,4,3,5,False,True,True,True,True,False,True,True,False,ADHD,0
364,21,Male,In a relationship,University Student,University,Yes,"Facebook, Instagram, YouTube, Snapchat, Discord",Between 4 and 5 hours,4,2,2,2,1,1,1,3,1,2,2,2,False,True,False,False,True,True,True,True,False,ADHD,0
365,22,Female,Married,University Student,Unknown,Yes,"Facebook, Instagram, YouTube, Snapchat, Discord",Between 2 and 3 hours,3,2,1,1,1,3,1,1,2,1,2,2,False,True,False,False,True,True,True,True,False,ADHD,0
366,23,Female,Single,University Student,"University, Company",Yes,"Facebook, Twitter, Instagram, YouTube, Snapchat, Discord, Reddit, Pinterest, TikTok",Between 4 and 5 hours,5,4,2,4,5,5,5,1,4,5,2,5,True,True,True,True,True,True,True,True,True,ADHD,0
367,22,Female,In a relationship,University Student,University,Yes,"Facebook, Instagram, YouTube",Between 2 and 3 hours,4,5,4,5,3,5,4,3,2,4,4,4,False,True,False,False,False,False,True,True,False,ADHD,0
368,20,Male,Divorced,University Student,University,Yes,"Facebook, Instagram, YouTube, Snapchat, Discord",More than 5 hours,5,5,5,5,5,5,5,5,5,5,5,5,False,True,False,False,True,True,True,True,False,ADHD,0
369,22,Others,In a relationship,Salaried Worker,Company,Yes,"Facebook, Instagram, YouTube, Snapchat",More than 5 hours,4,5,5,5,1,3,3,4,2,1,2,1,False,True,False,False,True,False,True,True,False,ADHD,0
370,27,Female,Single,Salaried Worker,Private,Yes,"Facebook, Instagram, Snapchat, Discord, Pinterest, TikTok",Between 3 and 4 hours,3,3,3,3,4,4,4,4,3,5,3,4,True,True,False,True,True,True,True,False,False,ADHD,0
371,24,Male,Single,Salaried Worker,Company,Yes,"Facebook, Twitter, Instagram, YouTube, Snapchat, Discord, Reddit, Pinterest",More than 5 hours,5,2,2,2,4,2,2,3,3,2,1,5,False,True,True,True,True,True,True,True,True,ADHD,0
372,21,Female,Married,University Student,"University, Company",Yes,"Facebook, Instagram, YouTube, Snapchat",Between 1 and 2 hours,5,5,2,4,5,5,5,1,5,4,5,5,False,True,False,False,True,False,True,True,False,ADHD,0
373,23,Female,Single,University Student,University,Yes,"YouTube, Pinterest",Less than an Hour,3,2,1,1,2,1,1,2,2,3,4,3,False,False,False,True,False,False,False,True,False,ADHD,1
374,21,Female,Single,University Student,University,Yes,"Facebook, Twitter, Instagram, YouTube, Reddit, Pinterest",Between 3 and 4 hours,4,4,2,5,4,4,2,3,2,3,3,5,False,True,True,True,False,False,True,True,True,ADHD,1
375,23,Female,In a relationship,University Student,University,Yes,"Facebook, Twitter, Instagram, YouTube, Snapchat",Between 2 and 3 hours,4,4,3,3,4,2,4,2,3,2,2,1,False,True,True,False,True,False,True,True,False,ADHD,1
376,24,Female,In a relationship,University Student,University,Yes,"Facebook, Twitter, Instagram, YouTube, Snapchat, Discord, Pinterest, TikTok",Between 4 and 5 hours,3,2,2,3,5,3,5,2,3,5,5,4,True,True,True,True,True,True,True,True,False,ADHD,2
377,21,Male,Single,University Student,University,Yes,"Facebook, Twitter, Instagram, YouTube, Snapchat, Discord, Reddit, Pinterest, TikTok",Between 4 and 5 hours,3,2,2,3,4,3,1,3,2,5,2,4,True,True,True,True,True,True,True,True,True,ADHD,2
378,30,Female,Single,Salaried Worker,Unknown,Yes,"Facebook, Instagram, YouTube",Between 2 and 3 hours,4,5,3,5,5,5,4,2,5,4,5,4,False,True,False,False,False,False,True,True,False,ADHD,2
379,23,Male,Single,University Student,University,Yes,"Facebook, Twitter, Instagram, YouTube, Snapchat, Discord, Reddit",Between 3 and 4 hours,3,4,2,2,5,4,5,5,5,5,2,2,False,True,True,False,True,True,True,True,True,ADHD,2
380,22,Female,Single,University Student,University,Yes,"Facebook, Instagram, YouTube, Snapchat",More than 5 hours,4,3,3,3,2,2,3,3,1,1,3,2,False,True,False,False,True,False,True,True,False,ADHD,2
381,29,Female,Single,University Student,University,Yes,"Facebook, Instagram, YouTube, Snapchat, Pinterest, TikTok",More than 5 hours,5,5,3,5,4,5,5,3,3,5,5,5,True,True,False,True,True,False,True,True,False,ADHD,2
382,20,Male,Single,University Student,"School, University",Yes,"Instagram, YouTube, Discord, Reddit, Pinterest",Between 3 and 4 hours,4,3,2,3,5,5,5,5,5,5,5,1,False,False,False,True,False,True,True,True,True,ADHD,3
383,26,Female,Single,University Student,University,Yes,"Facebook, YouTube",More than 5 hours,4,2,2,3,5,3,5,2,3,4,5,5,False,True,False,False,False,False,False,True,False,ADHD,3
384,24,Male,Single,Salaried Worker,Company,Yes,"Facebook, Twitter, Instagram, YouTube, Snapchat, Discord, Reddit, Pinterest, TikTok",Between 1 and 2 hours,3,4,1,3,3,2,3,3,4,5,3,3,True,True,True,True,True,True,True,True,True,ADHD,3
385,26,Male,In a relationship,University Student,University,Yes,"Facebook, Instagram, YouTube, Snapchat",Between 3 and 4 hours,4,5,3,4,4,4,5,1,2,3,4,3,False,True,False,False,True,False,True,True,False,ADHD,3
386,22,Male,Single,University Student,"University, Company",Yes,"Facebook, YouTube, Discord",Between 2 and 3 hours,5,4,2,3,3,4,3,4,1,2,2,4,False,True,False,False,False,True,False,True,False,ADHD,3
387,23,Male,Single,University Student,"University, Private",Yes,"Facebook, Instagram, YouTube, Snapchat, Discord, Pinterest, TikTok",Between 4 and 5 hours,5,5,2,4,5,3,5,3,2,3,3,4,True,True,False,True,True,True,True,True,False,ADHD,3
388,19,Male,Single,School Student,School,Yes,"Facebook, Instagram, YouTube, Snapchat, Discord, Reddit, Pinterest",Between 4 and 5 hours,4,4,2,4,4,4,5,2,4,2,4,4,False,True,False,True,True,True,True,True,True,ADHD,3
389,21,Female,Single,University Student,University,Yes,"Twitter, Instagram, YouTube, TikTok",Between 2 and 3 hours,3,4,3,4,4,4,5,1,2,4,4,2,True,False,True,False,False,False,True,True,False,ADHD,4
390,20,Female,Single,University Student,University,Yes,"Facebook, Instagram, YouTube, Snapchat, Discord, Reddit, Pinterest, TikTok",Between 4 and 5 hours,5,5,5,5,5,5,2,3,2,4,4,5,True,True,False,True,True,True,True,True,True,ADHD,4
391,22,Male,Single,University Student,University,Yes,"Facebook, Instagram, YouTube, Snapchat, Discord",More than 5 hours,4,4,4,4,2,3,2,3,4,3,3,4,False,True,False,False,True,True,True,True,False,ADHD,5
392,22,Male,Single,University Student,University,Yes,"Facebook, Twitter, Instagram, YouTube, Discord, Pinterest",More than 5 hours,3,3,3,4,5,5,4,3,1,5,3,3,False,True,True,True,False,True,True,True,False,ADHD,8
393,23,Male,Single,University Student,University,Yes,"Facebook, Twitter, Instagram, YouTube, Snapchat, Discord, Reddit",More than 5 hours,5,4,4,5,5,5,2,3,1,5,5,5,False,True,True,False,True,True,True,True,True,ADHD,8
394,22,Female,Single,University Student,University,Yes,"Facebook, Instagram, YouTube, Snapchat, Discord",More than 5 hours,4,5,5,5,5,5,5,2,4,5,4,1,False,True,False,False,True,True,True,True,False,ADHD,9
395,20,Female,In a relationship,School Student,"Company, Private",Yes,"Facebook, Twitter, Instagram, YouTube, Snapchat, Discord, Pinterest, TikTok",More than 5 hours,5,4,2,3,3,2,1,3,3,2,2,2,True,True,True,True,True,True,True,True,False,ADHD,10
396,27,Female,Married,Salaried Worker,Private,Yes,"Facebook, Instagram, YouTube, Pinterest",Between 1 and 2 hours,4,2,1,2,3,1,2,3,4,2,2,1,False,True,False,True,False,False,True,True,False,ADHD,10
397,22,Female,Single,University Student,University,Yes,"Facebook, Instagram, YouTube, Snapchat",More than 5 hours,5,4,4,4,4,4,2,4,3,5,4,3,False,True,False,False,True,False,True,True,False,ADHD,11
398,21,Female,Single,University Student,University,Yes,Facebook,More than 5 hours,4,4,3,5,4,5,4,3,4,5,5,5,False,True,False,False,False,False,False,False,False,ADHD,11
399,21,Female,Single,University Student,University,Yes,"Facebook, Twitter, Instagram, YouTube, Snapchat, Pinterest",Between 2 and 3 hours,2,1,4,2,2,2,3,3,2,1,4,4,False,True,True,True,True,False,True,True,False,Anxiety,13
400,24,Female,Single,University Student,Unknown,Yes,"Facebook, Instagram, YouTube, Snapchat",Between 4 and 5 hours,3,4,1,5,4,5,3,3,4,5,5,5,False,True,False,False,True,False,True,True,False,ADHD,13
401,19,Male,Single,University Student,University,Yes,"Facebook, Twitter, Instagram, YouTube",Between 3 and 4 hours,4,2,3,3,4,3,2,2,2,4,4,3,False,True,True,False,False,False,True,True,False,ADHD,17
402,52,Male,Married,Salaried Worker,Private,Yes,"Facebook, YouTube",Between 1 and 2 hours,2,2,3,3,3,2,3,2,2,3,2,4,False,True,False,False,False,False,False,True,False,Anxiety,18
403,26,Male,Single,University Student,University,Yes,"Facebook, Instagram, YouTube, Reddit, Pinterest, TikTok",More than 5 hours,5,4,3,4,4,4,3,3,2,3,4,5,True,True,False,True,False,False,True,True,True,ADHD,18
404,44,Male,Married,Salaried Worker,Private,Yes,Facebook,Less than an Hour,1,1,1,2,1,1,1,1,1,1,1,1,False,True,False,False,False,False,False,False,False,Other,18
405,44,Male,Married,Salaried Worker,Private,Yes,Facebook,Less than an Hour,1,1,1,1,1,1,1,1,1,1,1,1,False,True,False,False,False,False,False,False,False,Other,18
406,19,Female,Single,University Student,University,Yes,"Facebook, YouTube, Discord, Pinterest",Between 3 and 4 hours,4,5,2,4,5,3,5,5,1,5,4,5,False,True,False,True,False,True,False,True,False,ADHD,18
407,35,Male,Single,Salaried Worker,Private,Yes,"Facebook, Snapchat, Reddit",Between 3 and 4 hours,5,5,5,5,5,5,5,1,1,5,5,5,False,True,False,False,True,False,False,False,True,ADHD,19
408,21,Female,In a relationship,University Student,University,Yes,"Facebook, Instagram, Snapchat",More than 5 hours,3,5,2,5,3,5,4,2,4,4,3,3,False,True,False,False,True,False,True,False,False,ADHD,19
409,20,Female,Single,University Student,University,Yes,"Facebook, Instagram, TikTok",Between 4 and 5 hours,4,5,5,5,5,5,2,2,1,4,5,1,True,True,False,False,False,False,True,False,False,ADHD,19
410,24,Female,In a relationship,University Student,Private,Yes,"Facebook, Twitter, Instagram, YouTube, Reddit",More than 5 hours,5,2,4,2,5,1,3,2,4,4,2,5,False,True,True,False,False,False,True,True,True,ADHD,19
411,21,Female,Single,University Student,"School, University",Yes,"Facebook, Instagram, YouTube, Reddit, Pinterest",Between 3 and 4 hours,4,4,3,5,5,5,5,1,1,3,3,1,False,True,False,True,False,False,True,True,True,ADHD,19
412,24,Male,Single,University Student,University,Yes,"Facebook, Instagram, YouTube, Discord, Reddit",More than 5 hours,3,4,4,4,3,3,2,3,1,3,3,3,False,True,False,False,False,True,True,True,True,ADHD,19
413,21,Female,In a relationship,University Student,University,Yes,"Facebook, Instagram, YouTube, Snapchat",Between 3 and 4 hours,5,3,3,5,5,5,5,3,1,5,4,5,False,True,False,False,True,False,True,True,False,ADHD,19
414,17,Male,Single,School Student,School,Yes,"Facebook, Instagram, YouTube, Discord",More than 5 hours,2,4,3,5,5,5,3,2,1,5,4,5,False,True,False,False,False,True,True,True,False,ADHD,19
415,26,Female,In a relationship,University Student,University,Yes,Facebook,Between 4 and 5 hours,4,4,2,4,3,4,3,3,2,4,3,4,False,True,False,False,False,False,False,False,False,ADHD,19
416,18,Male,Single,School Student,School,Yes,"Facebook, Twitter, Instagram, YouTube, Snapchat, Discord, TikTok",Between 3 and 4 hours,4,5,4,5,5,4,4,3,3,5,3,5,True,True,True,False,True,True,True,True,False,ADHD,20
417,18,Female,Single,School Student,"School, N/A",Yes,"Facebook, Instagram, YouTube, Discord",Between 3 and 4 hours,2,1,1,3,3,2,1,3,1,2,2,2,False,True,False,False,False,True,True,True,False,Anxiety,20
418,18,Female,In a relationship,School Student,School,Yes,"Facebook, Instagram, YouTube, Snapchat, Reddit, Pinterest, TikTok",Between 3 and 4 hours,5,3,4,3,4,4,1,3,1,3,5,5,True,True,False,True,True,False,True,True,True,ADHD,20
419,23,Male,Single,University Student,University,Yes,"Facebook, Instagram, YouTube, Snapchat, Discord",Between 3 and 4 hours,3,4,2,4,5,4,2,3,2,4,3,3,False,True,False,False,True,True,True,True,False,ADHD,21
420,20,Male,Single,University Student,University,Yes,"Facebook, Instagram, YouTube, Snapchat, Discord",Between 1 and 2 hours,4,5,3,5,2,5,1,2,3,3,2,1,False,True,False,False,True,True,True,True,False,ADHD,21
421,23,Male,Single,University Student,University,Yes,"Facebook, Instagram, YouTube, Snapchat, Discord",More than 5 hours,4,4,3,4,5,4,4,3,2,3,3,5,False,True,False,False,True,True,True,True,False,ADHD,21
422,25,Male,In a relationship,University Student,University,Yes,"Facebook, Twitter, Instagram, YouTube, Discord, Reddit, Pinterest",Less than an Hour,2,2,3,2,3,3,3,4,3,2,2,4,False,True,True,True,False,True,True,True,True,Anxiety,21
423,26,Male,Single,Salaried Worker,Private,Yes,"Facebook, Instagram, YouTube, Reddit",Between 2 and 3 hours,4,3,3,3,5,4,4,1,4,5,5,4,False,True,False,False,False,False,True,True,True,ADHD,21
424,20,Male,In a relationship,University Student,"School, University",Yes,"Facebook, Twitter, Instagram, YouTube, Snapchat, Discord, TikTok",More than 5 hours,4,5,3,4,5,4,5,2,4,4,4,5,True,True,True,False,True,True,True,True,False,ADHD,21
425,19,Male,In a relationship,School Student,School,Yes,"Facebook, Instagram, YouTube, Snapchat, Discord, Reddit, Pinterest",Between 1 and 2 hours,4,3,1,3,4,2,2,3,3,1,4,3,False,True,False,True,True,True,True,True,True,ADHD,21
426,17,Female,Single,School Student,Unknown,Yes,"Facebook, Instagram, YouTube, Pinterest",Between 2 and 3 hours,4,1,3,2,5,4,5,5,1,4,4,1,False,True,False,True,False,False,True,True,False,ADHD,21
427,24,Female,Married,University Student,University,Yes,"Facebook, Instagram, YouTube, Snapchat",Between 3 and 4 hours,4,3,5,3,3,5,4,2,3,3,3,3,False,True,False,False,True,False,True,True,False,ADHD,21
428,29,Female,Married,Salaried Worker,Company,Yes,"Facebook, Instagram, YouTube, Pinterest",More than 5 hours,5,5,5,4,5,4,3,3,4,4,4,3,False,True,False,True,False,False,True,True,False,ADHD,23
429,30,Female,Married,Retired,Unknown,Yes,"Facebook, Instagram, YouTube",Between 3 and 4 hours,1,5,1,2,3,3,2,4,3,3,3,2,False,True,False,False,False,False,True,True,False,ADHD,23
430,21,Female,Single,University Student,University,Yes,"Facebook, Twitter, Instagram, YouTube, Snapchat, Discord, TikTok",Between 3 and 4 hours,4,5,4,4,5,5,5,1,3,5,4,4,True,True,True,False,True,True,True,True,False,ADHD,23
431,23,Male,Single,University Student,University,Yes,"Facebook, Instagram, YouTube, Snapchat, Discord, Reddit, Pinterest",More than 5 hours,4,3,2,4,4,4,3,3,3,5,5,5,False,True,False,True,True,True,True,True,True,ADHD,0
432,21,Male,Single,University Student,University,Yes,"Facebook, Instagram, YouTube, Snapchat, Discord, Reddit, Pinterest",More than 5 hours,5,5,2,3,4,3,4,4,4,5,3,5,False,True,False,True,True,True,True,True,True,ADHD,0
433,20,Female,Single,University Student,University,Yes,"Facebook, Instagram, YouTube, Discord",More than 5 hours,3,5,3,5,5,5,5,5,5,5,5,5,False,True,False,False,False,True,True,True,False,ADHD,0
434,21,Male,Single,University Student,University,Yes,"Facebook, Twitter, Instagram, YouTube, Snapchat, Discord, Reddit",Between 4 and 5 hours,4,3,2,5,5,4,5,1,3,5,5,5,False,True,True,False,True,True,True,True,True,ADHD,1
435,22,Female,Single,University Student,University,Yes,YouTube,Between 4 and 5 hours,3,1,2,3,4,2,2,1,1,4,3,5,False,False,False,False,False,False,False,True,False,ADHD,1
436,22,Female,Single,University Student,University,Yes,"Facebook, Instagram",Between 2 and 3 hours,3,2,2,2,5,3,5,2,5,3,3,5,False,True,False,False,False,False,True,False,False,ADHD,1
437,22,Female,In a relationship,University Student,University,Yes,"Facebook, Instagram, Snapchat",More than 5 hours,1,5,2,3,5,2,1,2,2,3,3,4,False,True,False,False,True,False,True,False,False,ADHD,1
438,27,Female,In a relationship,Salaried Worker,Private,Yes,"Facebook, Instagram, YouTube, Reddit, TikTok",Between 4 and 5 hours,4,3,3,4,3,3,4,2,4,2,1,2,True,True,False,False,False,False,True,True,True,ADHD,1
439,21,Male,Single,University Student,University,Yes,"Facebook, Instagram, YouTube",More than 5 hours,5,4,2,2,2,3,2,3,1,2,2,5,False,True,False,False,False,False,True,True,False,ADHD,1
440,23,Male,In a relationship,University Student,University,Yes,"Facebook, Instagram, YouTube, Snapchat, Discord, Reddit, TikTok",Between 4 and 5 hours,4,3,2,4,4,3,4,4,4,4,3,4,True,True,False,False,True,True,True,True,True,ADHD,1
441,22,Male,In a relationship,University Student,University,Yes,"Facebook, Instagram, YouTube, Discord",Between 3 and 4 hours,4,4,5,4,2,4,3,3,4,2,3,4,False,True,False,False,False,True,True,True,False,ADHD,1
442,21,Female,In a relationship,University Student,"University, Private",Yes,YouTube,Between 3 and 4 hours,3,4,4,3,3,3,2,5,3,1,3,2,False,False,False,False,False,False,False,True,False,ADHD,3
443,23,Male,Single,University Student,"University, Company",Yes,"Facebook, YouTube, Discord, Reddit",Between 2 and 3 hours,4,2,1,2,3,2,3,3,1,3,2,2,False,True,False,False,False,True,False,True,True,ADHD,4
444,21,Female,Single,University Student,University,Yes,"Facebook, Twitter, Instagram, YouTube, Pinterest",More than 5 hours,4,5,3,4,4,4,3,3,4,4,4,3,False,True,True,True,False,False,True,True,False,ADHD,10
445,20,Male,Single,University Student,"University, Private",Yes,"Facebook, Instagram, YouTube",Between 4 and 5 hours,5,3,2,3,4,2,2,4,3,3,4,3,False,True,False,False,False,False,True,True,False,ADHD,11
446,23,Male,Single,University Student,University,Yes,"Facebook, Instagram, YouTube, Discord, Reddit, Pinterest",Between 1 and 2 hours,2,1,1,2,5,3,3,4,1,3,2,4,False,True,False,True,False,True,True,True,True,Anxiety,11
447,22,Female,In a relationship,University Student,University,Yes,"Facebook, Instagram, YouTube, Snapchat, Pinterest, TikTok",Between 3 and 4 hours,3,5,3,5,5,5,5,3,3,5,4,5,True,True,False,True,True,False,True,True,False,ADHD,13
448,20,Female,In a relationship,University Student,University,Yes,"Facebook, Instagram, YouTube, Snapchat",More than 5 hours,5,3,4,3,5,5,5,1,4,5,5,3,False,True,False,False,True,False,True,True,False,ADHD,14
449,21,Male,Single,University Student,University,Yes,"Facebook, Instagram, YouTube, Snapchat, Discord",Between 3 and 4 hours,4,4,4,4,4,5,4,1,4,4,4,5,False,True,False,False,True,True,True,True,False,ADHD,16
450,25,Female,Single,University Student,University,Yes,"Facebook, Twitter, Instagram, YouTube, Pinterest",Between 2 and 3 hours,3,5,2,2,3,3,1,3,1,2,4,5,False,True,True,True,False,False,True,True,False,ADHD,16
451,21,Female,Single,University Student,University,Yes,"Facebook, Instagram, Discord",Between 3 and 4 hours,2,2,1,4,4,4,2,1,1,2,2,2,False,True,False,False,False,True,True,False,False,Anxiety,17
452,28,Female,Single,University Student,University,Yes,"Facebook, Instagram, YouTube, Discord, Reddit",Between 4 and 5 hours,4,3,1,4,5,4,1,3,1,4,1,5,False,True,False,False,False,True,True,True,True,ADHD,17
453,22,Female,Single,Salaried Worker,Private,Yes,"Facebook, Instagram, YouTube, Snapchat, Discord, Reddit, Pinterest, TikTok",Between 3 and 4 hours,1,1,1,5,3,5,1,1,1,3,4,3,True,True,False,True,True,True,True,True,True,Anxiety,19
454,60,Male,Single,Retired,Unknown,Yes,"Facebook, YouTube",Between 2 and 3 hours,1,2,1,1,1,1,3,3,3,1,1,1,False,True,False,False,False,False,False,True,False,Low Self Esteem,19
455,49,Male,Married,Salaried Worker,School,Yes,"Facebook, YouTube, Pinterest",Less than an Hour,3,4,3,3,4,3,3,3,3,3,2,2,False,True,False,True,False,False,False,True,False,ADHD,20
456,34,Female,Married,Salaried Worker,Private,Yes,"Facebook, Instagram, YouTube",Less than an Hour,2,1,1,1,1,1,3,4,1,1,2,1,False,True,False,False,False,False,True,True,False,Low Self Esteem,21
457,56,Male,Married,Salaried Worker,Company,Yes,"Facebook, Twitter, YouTube, Pinterest",Between 2 and 3 hours,1,1,1,1,1,1,1,1,1,1,1,2,False,True,True,True,False,False,False,True,False,Other,22
458,51,Male,Married,Salaried Worker,Private,Yes,"Facebook, Twitter, Instagram, YouTube",Between 1 and 2 hours,3,2,3,4,2,3,4,3,3,2,2,4,False,True,True,False,False,False,True,True,False,ADHD,23
459,23,Female,Single,School Student,University,Yes,Facebook,Between 2 and 3 hours,3,3,3,3,3,2,2,3,3,4,2,2,False,True,False,False,False,False,False,False,False,ADHD,0
460,21,Female,Single,University Student,University,Yes,"Facebook, YouTube, Discord",Between 4 and 5 hours,3,5,3,3,3,2,3,3,1,2,2,3,False,True,False,False,False,True,False,True,False,ADHD,2
461,50,Male,Married,University Student,Private,Yes,"Facebook, Instagram",Between 1 and 2 hours,1,1,1,1,1,1,1,1,1,1,1,1,False,True,False,False,False,False,True,False,False,Other,7
462,22,Female,Single,University Student,University,Yes,"Twitter, Instagram, YouTube",Between 3 and 4 hours,2,2,1,4,5,5,1,4,1,3,5,2,False,False,True,False,False,False,True,True,False,Anxiety,7
463,28,Female,Married,Salaried Worker,Private,Yes,"Facebook, Instagram, YouTube, Pinterest",Between 2 and 3 hours,5,4,1,5,4,5,2,2,2,5,5,2,False,True,False,True,False,False,True,True,False,ADHD,11
464,13,Male,Single,School Student,School,Yes,"Instagram, YouTube, Discord",Between 4 and 5 hours,3,4,1,3,3,1,1,3,1,3,3,4,False,False,False,False,False,True,True,True,False,ADHD,11
465,14,Male,Single,School Student,School,Yes,"Instagram, Discord",Between 2 and 3 hours,3,4,2,4,3,2,1,3,1,2,3,1,False,False,False,False,False,True,True,False,False,ADHD,11
466,13,Male,Single,School Student,School,Yes,"Twitter, Instagram, YouTube, Discord, Pinterest",More than 5 hours,4,4,3,4,2,4,2,3,2,2,3,2,False,False,True,True,False,True,True,True,False,ADHD,12
467,23,Male,In a relationship,School Student,"University, Private",Yes,"Facebook, Instagram, YouTube, Discord",Between 4 and 5 hours,2,4,2,3,4,4,1,3,1,3,2,3,False,True,False,False,False,True,True,True,False,ADHD,13
468,18,Male,Single,University Student,University,Yes,"Discord, Reddit",Between 1 and 2 hours,3,3,1,3,2,1,1,2,1,1,2,4,False,False,False,False,False,True,False,False,True,ADHD,16
469,18,Male,Single,School Student,"School, N/A",Yes,Pinterest,More than 5 hours,2,3,1,3,5,3,5,1,2,5,2,1,False,False,False,True,False,False,False,False,False,ADHD,17
470,15,Male,Single,School Student,School,Yes,"Instagram, YouTube, Discord, Reddit",Between 4 and 5 hours,1,1,1,3,3,3,3,3,3,1,1,1,False,False,False,False,False,True,True,True,True,Anxiety,17
471,20,Female,Single,University Student,Company,Yes,"Instagram, YouTube, Snapchat, Discord, Reddit, Pinterest, TikTok",Between 1 and 2 hours,2,2,1,3,5,3,5,1,2,5,4,5,True,False,False,True,True,True,True,True,True,Anxiety,2
472,20,Female,Single,University Student,University,Yes,"Facebook, Instagram, YouTube",More than 5 hours,5,4,2,4,5,3,1,3,2,4,3,4,False,True,False,False,False,False,True,True,False,ADHD,20
473,35,Female,Married,Salaried Worker,Company,Yes,"Facebook, Instagram, YouTube",Between 1 and 2 hours,3,2,2,3,3,2,1,2,2,2,4,4,False,True,False,False,False,False,True,True,False,ADHD,17
474,26,Female,Married,University Student,Unknown,Yes,"Facebook, YouTube, TikTok",Between 2 and 3 hours,4,4,3,3,4,4,4,5,3,4,3,4,True,True,False,False,False,False,False,True,False,ADHD,2
475,30,Female,Married,Salaried Worker,University,Yes,"Facebook, Instagram, YouTube",Between 4 and 5 hours,2,4,4,3,4,5,4,2,2,4,2,1,False,True,False,False,False,False,True,True,False,ADHD,22
476,32,Female,Married,Salaried Worker,Private,Yes,"Facebook, Instagram",Between 3 and 4 hours,5,5,3,5,5,5,5,1,4,5,5,4,False,True,False,False,False,False,True,False,False,ADHD,22
477,24,Male,Single,Salaried Worker,"University, Private",Yes,"Facebook, Instagram, YouTube",Between 2 and 3 hours,3,4,3,4,3,4,4,2,4,3,4,4,False,True,False,False,False,False,True,True,False,ADHD,23
478,26,Female,Married,Salaried Worker,University,Yes,"Facebook, YouTube",Between 1 and 2 hours,2,1,2,3,4,4,4,2,4,4,4,1,False,True,False,False,False,False,False,True,False,Anxiety,0
479,29,Female,Married,Salaried Worker,University,Yes,"Facebook, YouTube",Between 2 and 3 hours,3,3,4,3,2,3,3,3,4,2,2,2,False,True,False,False,False,False,False,True,False,ADHD,10
480,21,Male,Single,University Student,University,Yes,"Facebook, Twitter, Instagram, YouTube, Discord, Pinterest",Between 2 and 3 hours,2,3,2,3,3,2,2,3,4,4,5,4,False,True,True,True,False,True,True,True,False,ADHD,19
481,53,Male,Married,Salaried Worker,Private,Yes,"Facebook, YouTube",Less than an Hour,2,3,1,3,1,1,3,3,2,2,2,3,False,True,False,False,False,False,False,True,False,ADHD,13
